filename,label,category
9gJ4NQYcakk_000030.mp4,"male speech, man speaking",speech
4RhARbjonAQ_000000.mp4,dog barking,others
wrznjkSXW5A_000010.mp4,playing piano,music
t2ipSuKV7bI_000030.mp4,playing accordion,music
4c-iJIACk1I_000030.mp4,"male speech, man speaking",speech
DFr2SRfKRBc_000030.mp4,"male speech, man speaking",speech
7oHHCFuGm4E_000030.mp4,"male speech, man speaking",speech
BfTI5FrSh-g_000030.mp4,"female speech, woman speaking",speech
rP11v3K4qxs_000440.mp4,"child speech, kid speaking",speech
veFw80xXaSA_000050.mp4,"female speech, woman speaking",speech
M3x6OqmsJrI_000499.mp4,playing accordion,music
9CmEsDtIz_Q_000060.mp4,playing accordion,music
vbo4BrVQn-c_000000.mp4,playing piano,music
q7XST7tHX6I_000570.mp4,playing accordion,music
NIbvXr81s9c_000000.mp4,thunder,others
-4XHW-rTETw_000029.mp4,playing accordion,music
BNjrwopS5F4_000030.mp4,"male speech, man speaking",speech
0NdIc2geEW0_000030.mp4,"female speech, woman speaking",speech
J0FVO9_oF30_000050.mp4,playing piano,music
11k9cuOKQp4_000060.mp4,playing accordion,music
KxLD4XTYda0_000170.mp4,playing clarinet,music
nUHSecZICwY_000030.mp4,"female speech, woman speaking",speech
Ao66xMk6lO0_000310.mp4,"female speech, woman speaking",speech
29e4tVCHuh0_000030.mp4,"male speech, man speaking",speech
TakPvQhJ6D0_000060.mp4,"male speech, man speaking",speech
qj-Gzq98myc_000000.mp4,"female speech, woman speaking",speech
K-JDsMCscDU_000156.mp4,playing accordion,music
F9Zz66rVYA8_000010.mp4,playing piano,music
u9l8fnergcM_000020.mp4,playing piano,music
4ecs1MrI6gY_000030.mp4,"male speech, man speaking",speech
ja-25df7jT4_000009.mp4,playing accordion,music
TMx4hJMQctI_000080.mp4,playing clarinet,music
seFJhtrrmfQ_000070.mp4,dog barking,others
dCVS1ni7Src_000030.mp4,"female speech, woman speaking",speech
0ihU0MXB2uQ_000030.mp4,"female speech, woman speaking",speech
YUwWWuR-sUU_000030.mp4,playing accordion,music
i5ZpKMqaweo_000460.mp4,thunder,others
HGv7Lu8IuV4_000030.mp4,playing accordion,music
YBGzXsd2qF4_000130.mp4,playing accordion,music
zhO6mAs9V0o_000020.mp4,playing piano,music
4dkU-c4g1VM_000111.mp4,dog barking,others
zpraV2gP9dc_000000.mp4,playing piano,music
NebuE99hVbY_000090.mp4,playing piano,music
4yaiOxLXB78_000180.mp4,playing piano,music
qzz8-QKwQjM_000330.mp4,playing piano,music
4QNlxvgoKoE_000040.mp4,"child speech, kid speaking",speech
yf9GfnLIvcs_000050.mp4,"child speech, kid speaking",speech
G2KruS9nW70_000030.mp4,thunder,others
fVx5NBw1diU_000090.mp4,dog barking,others
YFWoo4Mbdtk_000280.mp4,playing accordion,music
uboLnhO-wVI_000010.mp4,playing piano,music
EEuezM5QG94_000150.mp4,"male speech, man speaking",speech
KMX7zR8QI-M_000070.mp4,"female speech, woman speaking",speech
ACHkmW8NGJU_000030.mp4,"male speech, man speaking",speech
lbUowsPwrio_000169.mp4,playing clarinet,music
i9lYH6WC1ko_000050.mp4,"child speech, kid speaking",speech
DuILhzKW_Tg_000040.mp4,playing accordion,music
BE1gj7PG2q4_000040.mp4,playing accordion,music
wTL-zDzaIgs_000167.mp4,"child speech, kid speaking",speech
iKxYxoxe-WE_000030.mp4,playing accordion,music
0M-hPUiNVks_000020.mp4,"female speech, woman speaking",speech
qnwH0b2XvGk_000000.mp4,dog barking,others
90epcLGmsoo_000030.mp4,playing clarinet,music
Yq7yLrlAE1A_000520.mp4,dog barking,others
j1xMc-c6UKE_000160.mp4,"child speech, kid speaking",speech
Atcky5LgjuY_000030.mp4,"male speech, man speaking",speech
7B0sU98CrKY_000030.mp4,"male speech, man speaking",speech
Ak68t2pvwo8_000110.mp4,dog barking,others
cLdIcx2YQHk_000150.mp4,playing accordion,music
2TkdxEYOXok_000030.mp4,playing accordion,music
Cr7RcuI77_8_000000.mp4,dog barking,others
40N2Tjm4UBo_000030.mp4,"female speech, woman speaking",speech
wTpjHREs0PE_000080.mp4,playing clarinet,music
W1ke0gAUSS0_000030.mp4,playing accordion,music
zdPLclTR__U_000010.mp4,"female speech, woman speaking",speech
LkHjkS3B1eg_000040.mp4,playing piano,music
rO5l-XS96V0_000010.mp4,"male speech, man speaking",speech
UE6Xc6JL220_000030.mp4,"female speech, woman speaking",speech
bLc18GgFNwA_000070.mp4,dog barking,others
bAFZSUkT8i4_000000.mp4,playing clarinet,music
QdwQNxVevng_000550.mp4,"female speech, woman speaking",speech
KsCTrf8ckM8_000343.mp4,playing clarinet,music
dvlsco7ux4g_000140.mp4,"child speech, kid speaking",speech
AVIBIHvksEc_000030.mp4,"female speech, woman speaking",speech
8zSDtubkLVA_000240.mp4,playing piano,music
ONAZ4fHztLo_000085.mp4,"child speech, kid speaking",speech
KwAYH7iZdKI_000070.mp4,"female speech, woman speaking",speech
C8ElWlzslO0_000030.mp4,"male speech, man speaking",speech
IoXjbXTcpdo_000420.mp4,playing clarinet,music
ABb5rX5Zlpk_000030.mp4,"male speech, man speaking",speech
erY63EcMrY8_000015.mp4,dog barking,others
LzxvUL6YSAU_000027.mp4,dog barking,others
7Gtxu-guFo0_000320.mp4,playing piano,music
1049Y7NnN5E_000216.mp4,playing accordion,music
MtzlIR9yzwo_000100.mp4,"child speech, kid speaking",speech
aRIn4E2KqS4_000330.mp4,playing accordion,music
Xr2dyZHhuZ4_000030.mp4,playing accordion,music
2BZuRp7rwXY_000030.mp4,"male speech, man speaking",speech
HB3Jla4Apjs_000020.mp4,playing accordion,music
7U5V5Teqo8Q_000000.mp4,dog barking,others
vvRvW_uDDNs_000197.mp4,playing accordion,music
BwC5dq37NKA_000230.mp4,"child speech, kid speaking",speech
Xd_OgKUCBqQ_000030.mp4,thunder,others
IQny6DpIkNU_000040.mp4,"female speech, woman speaking",speech
7qpEB7HzQDw_000030.mp4,"male speech, man speaking",speech
eOwmi6LcKRU_000030.mp4,playing piano,music
7jRIBD4n_Kc_000030.mp4,"male speech, man speaking",speech
Vr7nrH9-QGI_000030.mp4,playing accordion,music
CKWk27SiyoI_000030.mp4,"female speech, woman speaking",speech
wqJRCkuNCgA_000100.mp4,playing clarinet,music
DBZyRBNb3no_000106.mp4,playing clarinet,music
sjy7igy9mto_000003.mp4,playing clarinet,music
OQ_qSVfuyss_000020.mp4,"child speech, kid speaking",speech
yD2NHPO8yEE_000070.mp4,"child speech, kid speaking",speech
62FGR8Y-Ovc_000030.mp4,"female speech, woman speaking",speech
HAJ_uf3kIyw_000030.mp4,dog barking,others
YXaFwV7HEhA_000030.mp4,playing piano,music
2a4Edl7MslM_000030.mp4,playing clarinet,music
fLyz28viow4_000000.mp4,playing piano,music
61IgT8GXMcE_000030.mp4,"male speech, man speaking",speech
9Ixh4cJNPHE_000050.mp4,playing piano,music
3PWJjg065DM_000030.mp4,"female speech, woman speaking",speech
wvdoDP4gBZU_000080.mp4,"child speech, kid speaking",speech
zRZWwoI-jc8_000270.mp4,"child speech, kid speaking",speech
IAIDjULy7kg_000020.mp4,"child speech, kid speaking",speech
ylpHEZ8GMjU_000073.mp4,playing clarinet,music
3OaA66aX8qA_000040.mp4,"child speech, kid speaking",speech
mdLD3Khu5k4_000030.mp4,dog barking,others
abz1A-dAcMo_000014.mp4,playing accordion,music
5CySeMZdLeo_000030.mp4,"female speech, woman speaking",speech
G0-fYCo9Chs_000470.mp4,"female speech, woman speaking",speech
oN8Pzz4GYY8_000100.mp4,thunder,others
ulrgCCh3sUw_017678.mp4,thunder,others
jH6kJzjI6mA_000010.mp4,"child speech, kid speaking",speech
b0_E8BuN89s_000091.mp4,dog barking,others
0VGU1MvIcvM_000030.mp4,"male speech, man speaking",speech
q9Yx9c8oNfU_000100.mp4,"female speech, woman speaking",speech
c6Y91zNAVsQ_000070.mp4,playing accordion,music
15OWGo5QhDU_000000.mp4,playing clarinet,music
WUXVnqrfy6Q_000200.mp4,"female speech, woman speaking",speech
cei1eoY4BNM_000216.mp4,playing accordion,music
afJFNGBfNgU_000070.mp4,playing accordion,music
6IPmRw72aR8_000320.mp4,thunder,others
8vm17atjKdo_000030.mp4,"male speech, man speaking",speech
84BIw9pcaE8_000030.mp4,"female speech, woman speaking",speech
09qUhBfyFcc_000140.mp4,playing piano,music
CddwjqfAuJo_000040.mp4,playing accordion,music
CfJDYeKdWXs_000030.mp4,"male speech, man speaking",speech
yGOaUq7mkq8_000340.mp4,"female speech, woman speaking",speech
K7WkLJGDOAs_000240.mp4,"child speech, kid speaking",speech
9l0yZyQ7GY4_000010.mp4,dog barking,others
3GA8zFujOFU_000030.mp4,"female speech, woman speaking",speech
T0fXA2mXjgE_000080.mp4,playing piano,music
9pRKZewWhbQ_000150.mp4,"female speech, woman speaking",speech
H-mf2A8uNPI_000053.mp4,playing clarinet,music
1-cWNpmCEyk_000100.mp4,"male speech, man speaking",speech
-W3FJk77hQA_000030.mp4,"female speech, woman speaking",speech
67yYlKfBMTw_000030.mp4,dog barking,others
EgwVw8cEJHg_000003.mp4,dog barking,others
9gpK5qIdxSc_000280.mp4,"child speech, kid speaking",speech
hXJvRUN6Z3M_000130.mp4,thunder,others
oVGBl42aKfQ_000080.mp4,playing clarinet,music
ATUepOczDfg_000030.mp4,"female speech, woman speaking",speech
uyfsSz09TBs_000040.mp4,playing clarinet,music
pPNdzlgkG3M_000033.mp4,playing clarinet,music
03giUeNMTwk_000124.mp4,playing accordion,music
fN73vXZ1VHo_000000.mp4,"child speech, kid speaking",speech
DhqKRSESQmk_000090.mp4,playing piano,music
8j3Gmke2040_000554.mp4,playing accordion,music
gJiPsXbdcos_000030.mp4,playing accordion,music
iN3jUaGIa4c_000003.mp4,playing clarinet,music
vPnMtK7igLc_000330.mp4,playing accordion,music
evv-nZ0KlBY_000200.mp4,playing piano,music
sZEDSxpzS8I_000111.mp4,playing clarinet,music
ZC9jCzAYl54_000030.mp4,"child speech, kid speaking",speech
XuLVZvLSEg8_000080.mp4,playing clarinet,music
fTto3sY3LH8_000030.mp4,playing piano,music
BTY5tEwm-54_000283.mp4,playing clarinet,music
pQOnmZNBDG8_000150.mp4,playing clarinet,music
4s4raXsk9jk_000110.mp4,"child speech, kid speaking",speech
ULWA4lQq3-Y_000030.mp4,playing piano,music
A9HzsP-fdJw_000030.mp4,"male speech, man speaking",speech
NcCDl3fb7zM_000160.mp4,playing clarinet,music
DdWA7ekn6fw_000030.mp4,playing accordion,music
K90il4zYfI4_000080.mp4,playing accordion,music
LPmkUnCv6ow_000020.mp4,dog barking,others
el2o1SFjYMk_000160.mp4,playing piano,music
4kfV8c7ibDc_000030.mp4,"male speech, man speaking",speech
Q1L7bmVBEsA_000000.mp4,playing clarinet,music
Jj3m7cpGP7c_000130.mp4,playing piano,music
kf22EGp7H6w_000210.mp4,playing clarinet,music
5oseYvmykn8_000030.mp4,"female speech, woman speaking",speech
gRZ72AXj3Ic_000000.mp4,dog barking,others
-aeUUfbla8c_000030.mp4,"male speech, man speaking",speech
AmO3EWBS4AU_000010.mp4,playing accordion,music
Tjw9-Ep6Q-o_000070.mp4,thunder,others
3aE6hmaU0Og_000030.mp4,"female speech, woman speaking",speech
2eNxilyt7-o_000160.mp4,"female speech, woman speaking",speech
ip5lXT8DtS0_000176.mp4,playing clarinet,music
Y6v_sHpYZpU_000030.mp4,dog barking,others
mYui2825W1Q_000030.mp4,thunder,others
noN-X3-9ycA_000130.mp4,"child speech, kid speaking",speech
nvBGbgar9lY_000190.mp4,"child speech, kid speaking",speech
VMazAn03018_000060.mp4,playing clarinet,music
0_RiXhTYRp4_000030.mp4,thunder,others
7K_b3az99sE_000180.mp4,"child speech, kid speaking",speech
PVPA6TjLGEk_000030.mp4,"male speech, man speaking",speech
9oHmRkrKkbE_000030.mp4,"male speech, man speaking",speech
O2vKxl93gLI_000000.mp4,"child speech, kid speaking",speech
cFN8NtTrYzA_000030.mp4,playing piano,music
RwgeQ24mCc0_000090.mp4,"female speech, woman speaking",speech
GP2gLv8W5TU_000010.mp4,"female speech, woman speaking",speech
7-3hcXY0pyk_000030.mp4,"female speech, woman speaking",speech
HJtntCh7ljc_000010.mp4,playing clarinet,music
JcXhB_4B32o_000090.mp4,playing clarinet,music
YqB4EDfvWYU_000470.mp4,"child speech, kid speaking",speech
-YnLGckapW8_000028.mp4,"male speech, man speaking",speech
8wailHX-45Y_000030.mp4,"female speech, woman speaking",speech
Lc4VMtlYHyU_000320.mp4,playing clarinet,music
CuDp-JiDYA8_000020.mp4,playing piano,music
VGJAr9bj4CE_000240.mp4,playing clarinet,music
OdLcbH2H_zI_000085.mp4,playing accordion,music
NIGUHO-neJ4_000108.mp4,playing clarinet,music
oIiZRSVFSz0_000000.mp4,dog barking,others
4U0R7kfADeQ_000030.mp4,"female speech, woman speaking",speech
lMylfL8Alvc_000000.mp4,playing accordion,music
bbSON75XvDw_000190.mp4,"male speech, man speaking",speech
6WukkRfO6Ok_000030.mp4,playing accordion,music
_gJrRO59Fu0_000110.mp4,"child speech, kid speaking",speech
y6mRkUalifU_000260.mp4,playing piano,music
_85pICPKllc_000003.mp4,playing clarinet,music
7Yapsal2IPw_000010.mp4,"female speech, woman speaking",speech
7QOwGFo2_f4_000030.mp4,"male speech, man speaking",speech
-0NxpZlO348_000030.mp4,"male speech, man speaking",speech
T19Xf5-OTHw_000130.mp4,playing piano,music
omtdgxNTp_0_000000.mp4,thunder,others
FDbcRUR4YlU_000008.mp4,playing clarinet,music
5CYlRT61tDM_000030.mp4,"male speech, man speaking",speech
jM8mWr6Hcsw_000290.mp4,playing accordion,music
cxmYcIGBZDs_000030.mp4,playing accordion,music
HpWgE39uRzE_000180.mp4,thunder,others
nspWMNd-SuU_000020.mp4,"child speech, kid speaking",speech
g2Iwls9IcJw_000080.mp4,"child speech, kid speaking",speech
XBAIYAMgFNk_000290.mp4,"male speech, man speaking",speech
8MKTRCRz5mU_000030.mp4,"male speech, man speaking",speech
SL6euTEK8zA_000220.mp4,"child speech, kid speaking",speech
0Tivp8xsPRs_000520.mp4,playing clarinet,music
4Rto9BkNv-Y_000030.mp4,"child speech, kid speaking",speech
7bHrke6zbLk_000011.mp4,dog barking,others
hQL13rxPGMw_000120.mp4,thunder,others
xe_a0xa4CxQ_000000.mp4,"child speech, kid speaking",speech
5mKeXmRMRZw_000030.mp4,"female speech, woman speaking",speech
30x4aq1KIYc_000050.mp4,playing piano,music
8ksqWdaIixQ_000090.mp4,playing accordion,music
SyNmN3IeUAo_000010.mp4,"male speech, man speaking",speech
-OPRa24qEEc_000030.mp4,"male speech, man speaking",speech
JWK8BuAka5k_000119.mp4,playing accordion,music
nWxv5SZbPe8_000030.mp4,dog barking,others
ZAOJMstH3Fk_000000.mp4,dog barking,others
YmIr6Y6I134_000040.mp4,playing accordion,music
frlGLvIWMyA_000342.mp4,playing accordion,music
32B2dMr5RgM_000030.mp4,"female speech, woman speaking",speech
3ElKuXGla14_000030.mp4,"male speech, man speaking",speech
jV9R6aA7PIA_000120.mp4,playing clarinet,music
uYYiY5rDdec_000010.mp4,"child speech, kid speaking",speech
9mDiiYxiqiY_000030.mp4,"male speech, man speaking",speech
CT7g7sAE4cw_000030.mp4,"female speech, woman speaking",speech
Ns4zk8Ku14k_000050.mp4,playing piano,music
vHe39ubLBts_000030.mp4,dog barking,others
wejhPsRI3nQ_000110.mp4,playing clarinet,music
6zGSFN2LhRQ_000030.mp4,playing accordion,music
0bedv8B0ve0_000031.mp4,playing accordion,music
AMAJIWtymS0_000030.mp4,"child speech, kid speaking",speech
GcHD3-ZHBxI_000010.mp4,playing piano,music
DABOvMaFtLo_000030.mp4,"male speech, man speaking",speech
5NdfOWJrMFI_000006.mp4,"male speech, man speaking",speech
-lcj05dsI2Y_000030.mp4,playing piano,music
snCeyazbGLM_000757.mp4,playing clarinet,music
uURC7InX6iY_000267.mp4,playing clarinet,music
hUom6KvN6q0_000030.mp4,playing accordion,music
CXdsBxwn9II_000030.mp4,"male speech, man speaking",speech
qZA2cul87_8_000000.mp4,playing piano,music
3DyvjQ9_PVk_000000.mp4,"child speech, kid speaking",speech
5jph2RE5Uek_000030.mp4,"female speech, woman speaking",speech
1whTa9mxOqI_000030.mp4,"female speech, woman speaking",speech
bH6nmYWNElY_000030.mp4,playing accordion,music
GD3bzCHkpTA_000082.mp4,playing clarinet,music
uAlsygV7DQo_000023.mp4,dog barking,others
EEuKcyoxLps_000150.mp4,"female speech, woman speaking",speech
Zr1zqqh3IWE_000080.mp4,playing piano,music
4WZbxYGy3As_000030.mp4,"male speech, man speaking",speech
am372dQMa9M_000380.mp4,"female speech, woman speaking",speech
gpnzui_JNhc_000010.mp4,playing piano,music
5NyPGl178o0_000170.mp4,playing clarinet,music
VpbReRLggO0_000030.mp4,"male speech, man speaking",speech
E3j3pcyV5O8_000000.mp4,playing accordion,music
ATcH92OUm44_000030.mp4,"female speech, woman speaking",speech
M6XAA4Rz1vs_000090.mp4,playing piano,music
DovxSnOx6jQ_000030.mp4,"female speech, woman speaking",speech
im-KxmkghO0_000450.mp4,"female speech, woman speaking",speech
8Cl-_ONJOes_000030.mp4,"male speech, man speaking",speech
7v8U7bnY2TQ_000060.mp4,"child speech, kid speaking",speech
KBe_34WblIM_000030.mp4,thunder,others
XQxg6QO-vH8_000090.mp4,thunder,others
Zg2BGeb6VvE_000530.mp4,"child speech, kid speaking",speech
gVfiLcBFKuQ_000060.mp4,playing accordion,music
lFXqsDdx13g_000090.mp4,playing piano,music
e5mNnH2ZSA8_000140.mp4,"child speech, kid speaking",speech
dn9U54X-WF8_000040.mp4,playing piano,music
p_ODYFHGsfw_000090.mp4,"child speech, kid speaking",speech
fJLVrd8SsV8_000002.mp4,playing accordion,music
aWCFMYTO0Ts_000030.mp4,"child speech, kid speaking",speech
b53wkgVoCE0_000110.mp4,"child speech, kid speaking",speech
Wg0zlbW9Iws_000070.mp4,playing accordion,music
i2Xj46WU4n8_000180.mp4,playing piano,music
nuZi57LcDyw_000110.mp4,playing accordion,music
i46pu574b8k_000200.mp4,playing piano,music
DSir0_W7SFg_000530.mp4,"child speech, kid speaking",speech
g4JxP8IV3rs_000010.mp4,playing piano,music
2iJxfPLfn1A_000300.mp4,"child speech, kid speaking",speech
CZ5U_N4sB4s_000010.mp4,"child speech, kid speaking",speech
Camg3w9ElXc_000120.mp4,"child speech, kid speaking",speech
BP2HxUGBnNs_000030.mp4,"female speech, woman speaking",speech
faUQnyuIb94_000263.mp4,"female speech, woman speaking",speech
8FuapXeWka0_000030.mp4,"male speech, man speaking",speech
AOBjD68ONNg_000040.mp4,dog barking,others
0_ppreuPMuk_000170.mp4,playing piano,music
f8yE0JezHwU_000180.mp4,"female speech, woman speaking",speech
5oyJb-UZKjQ_000030.mp4,"male speech, man speaking",speech
GVb9Wn-qacI_000030.mp4,"child speech, kid speaking",speech
8AYJjFBJ-tk_000030.mp4,"male speech, man speaking",speech
N4Vb_fOKwLo_000000.mp4,playing clarinet,music
Cgk6FEWKwDU_000200.mp4,"child speech, kid speaking",speech
YViXLTSwhvM_000270.mp4,playing clarinet,music
U-NVFRJ0M9A_000160.mp4,"female speech, woman speaking",speech
zRMqr-UWlww_000060.mp4,playing accordion,music
qKgPXoKKcZo_000330.mp4,playing piano,music
9-yskx0FeyM_000030.mp4,"male speech, man speaking",speech
cpFy9zv3FB8_000060.mp4,"child speech, kid speaking",speech
1Ny2V_DJIrQ_000030.mp4,"male speech, man speaking",speech
jZOPohTuvbk_000000.mp4,playing piano,music
86rl838HaRY_000030.mp4,"female speech, woman speaking",speech
2J95Q20om8M_000130.mp4,thunder,others
z4IN1gzDDwU_000056.mp4,"child speech, kid speaking",speech
AzjqZPcuclg_000060.mp4,playing piano,music
aXwdGNQxBkg_000020.mp4,dog barking,others
Jo8il_Kg_j8_000050.mp4,thunder,others
5joY7-fda8I_000080.mp4,thunder,others
5qa36TlCba4_000230.mp4,playing clarinet,music
hCQC87nOR9g_000040.mp4,playing piano,music
uiYccCiuetg_000420.mp4,"female speech, woman speaking",speech
26fwubrQ2qc_000050.mp4,"child speech, kid speaking",speech
I_I0aKu9hbs_000450.mp4,"child speech, kid speaking",speech
gY7iMh1bKQU_000290.mp4,"child speech, kid speaking",speech
m4YdXBcwe4M_000420.mp4,playing piano,music
vl7d2F9DmEk_000110.mp4,"female speech, woman speaking",speech
foGge065_kI_000000.mp4,"child speech, kid speaking",speech
UvM9TaCTuEY_000140.mp4,playing accordion,music
TDc6nyKl4vw_000010.mp4,dog barking,others
t0H6-IAHrnU_000009.mp4,playing clarinet,music
Fn95NMlpaBE_000160.mp4,playing accordion,music
v0zgQAp7EYw_000043.mp4,playing piano,music
miynxdubW4E_000480.mp4,playing piano,music
BWw6dgq07Qo_000096.mp4,playing clarinet,music
8DeC5hP6X2Q_000060.mp4,"child speech, kid speaking",speech
TgiKRm4qrsw_000000.mp4,playing accordion,music
DnP2EH_cWlQ_000030.mp4,"male speech, man speaking",speech
8LVjw42ng6o_000030.mp4,"female speech, woman speaking",speech
gRi0-hqHqB4_000012.mp4,dog barking,others
KXK8edltsYg_000410.mp4,"child speech, kid speaking",speech
cJTDchgcDbg_000016.mp4,dog barking,others
hbmfBT_vE1w_000120.mp4,playing piano,music
W_yBjcaKhyo_000110.mp4,playing accordion,music
Gor0hFplM-U_000070.mp4,dog barking,others
DdtwJHSw8SQ_000200.mp4,playing accordion,music
usxC3l2E9TY_000010.mp4,playing piano,music
xojzNzHGvJk_000010.mp4,"child speech, kid speaking",speech
j_QWNbsSGa0_000048.mp4,"female speech, woman speaking",speech
G3hj3PqGst4_000510.mp4,playing clarinet,music
a2gt6vtJ14E_000234.mp4,playing clarinet,music
AtgRtrqxxJ0_000030.mp4,"male speech, man speaking",speech
7jCWljBWjW4_000020.mp4,playing clarinet,music
Cutn-OnqkvU_000178.mp4,playing accordion,music
z-y7pThxjts_000010.mp4,dog barking,others
h2_mglEnvLQ_000030.mp4,"male speech, man speaking",speech
9LQSvE07_qw_000040.mp4,"child speech, kid speaking",speech
AbzzgPRsHMU_000021.mp4,"child speech, kid speaking",speech
OYf6-Z2OVe0_000120.mp4,"child speech, kid speaking",speech
vLLiaCDHSPY_000010.mp4,dog barking,others
pU4gppmFul0_000190.mp4,playing clarinet,music
Czg_9C7gw0o_000193.mp4,"female speech, woman speaking",speech
l465g01Qark_000080.mp4,dog barking,others
zM-jL2Xn6iw_000020.mp4,dog barking,others
3uegJAuXyG8_000030.mp4,"male speech, man speaking",speech
CvfiZI0thAA_000030.mp4,"female speech, woman speaking",speech
r3vv1FRjTFQ_000110.mp4,playing clarinet,music
6ONxAfhEnNk_000030.mp4,"male speech, man speaking",speech
dPpgoNlkbW8_000220.mp4,playing accordion,music
ggimwb8J_N4_000210.mp4,playing piano,music
zGeOcP14OGo_000030.mp4,playing clarinet,music
0RrBcotVa4Y_000010.mp4,"male speech, man speaking",speech
9tYEs5eu_Yk_000030.mp4,"male speech, man speaking",speech
sUn4NtvGqG8_000030.mp4,"child speech, kid speaking",speech
bmHo5nbDdQI_000350.mp4,"child speech, kid speaking",speech
35i-3XIn4ls_000114.mp4,dog barking,others
4Bsq5eJadDY_000030.mp4,"female speech, woman speaking",speech
v81yYiZTOtw_000067.mp4,playing accordion,music
2oE6A2_vlPg_000030.mp4,"female speech, woman speaking",speech
0I4jIbmmyrI_000030.mp4,"female speech, woman speaking",speech
G8BSfIQcDI0_000120.mp4,dog barking,others
lpwDhPO_ICk_000180.mp4,playing accordion,music
8K7I6HSCE2s_000030.mp4,"female speech, woman speaking",speech
DozDiVlLrgI_000000.mp4,"child speech, kid speaking",speech
EUE6wqfru9M_000030.mp4,"male speech, man speaking",speech
AzOcDuWeHhM_000010.mp4,"female speech, woman speaking",speech
CNQmjYx14Fo_000100.mp4,playing accordion,music
3D7k7cNcpe4_000000.mp4,"child speech, kid speaking",speech
8GLBACJNNg8_000030.mp4,"male speech, man speaking",speech
1XZHJgCwJ3w_000030.mp4,"female speech, woman speaking",speech
dZt-5TbPKqU_000060.mp4,"child speech, kid speaking",speech
bIBVkjZNuws_000010.mp4,thunder,others
HTIQiWoMLLE_000180.mp4,"child speech, kid speaking",speech
7DwnnywY58A_000030.mp4,"male speech, man speaking",speech
KT1-HSUceK8_000020.mp4,playing accordion,music
XcstlH8Rspw_000160.mp4,playing clarinet,music
88b577GQ21M_000030.mp4,"male speech, man speaking",speech
T_IA8K7xK8g_000085.mp4,playing clarinet,music
AjZ1pf1_7Ao_000030.mp4,"male speech, man speaking",speech
TIxtebTDjHo_000030.mp4,playing accordion,music
nwM26TM6cXY_000010.mp4,playing clarinet,music
l8-anMJtBZk_000000.mp4,dog barking,others
v0u60oXa8dA_000290.mp4,playing clarinet,music
vTAEyOXwRHI_000100.mp4,thunder,others
vaaJfMBzHYM_000090.mp4,playing clarinet,music
fxEjy08UpTU_000040.mp4,playing piano,music
TYJOm37J728_000090.mp4,"child speech, kid speaking",speech
AIT4gEfoqSM_000030.mp4,playing piano,music
YGnBo7nRrvc_000090.mp4,playing piano,music
rHNU6Tc8CJo_000060.mp4,playing piano,music
e_xdN0ajlLk_000020.mp4,dog barking,others
5RNE5OyxV4k_000160.mp4,playing piano,music
3LO8iqmX_LM_000030.mp4,dog barking,others
JBFvyolYWfA_000010.mp4,dog barking,others
5GxRtWeTn_I_000030.mp4,"female speech, woman speaking",speech
DarHbdHGNBE_000030.mp4,"male speech, man speaking",speech
TDH2u9feJPA_000030.mp4,dog barking,others
DPYOFo9xZmA_000030.mp4,"female speech, woman speaking",speech
5oMbn1p15Y8_000030.mp4,playing accordion,music
3dGlQW7xAsU_000030.mp4,"male speech, man speaking",speech
AEM4I_Sz0pU_000030.mp4,"child speech, kid speaking",speech
9PRh_Sku-hE_000030.mp4,"female speech, woman speaking",speech
0RoAsnTIm5Q_000030.mp4,"male speech, man speaking",speech
FO1CJtzzMRg_000020.mp4,dog barking,others
zirVk09rFiI_000080.mp4,playing piano,music
xJPrRpevxsA_000030.mp4,dog barking,others
joinzv6QACM_000380.mp4,playing piano,music
qd8LeEiahMM_000140.mp4,playing piano,music
BvrSn3EVXwo_000000.mp4,"child speech, kid speaking",speech
YecolP7djjY_000070.mp4,playing piano,music
8V-bS4JJv8I_000020.mp4,playing clarinet,music
4bmH5rXWS7I_000030.mp4,"male speech, man speaking",speech
JINh8It-OvM_000340.mp4,"male speech, man speaking",speech
tY0Mry_6fgw_000013.mp4,playing accordion,music
0Pk3d8Qn6p4_000060.mp4,playing accordion,music
2i5nFuAmZ6A_000030.mp4,"male speech, man speaking",speech
A-n3vzBoYAE_000030.mp4,"male speech, man speaking",speech
BCcdatk468s_000070.mp4,dog barking,others
-KwY9V7esWY_000050.mp4,"child speech, kid speaking",speech
5WplllrnLcY_000030.mp4,"female speech, woman speaking",speech
XvEXrv6_exs_000090.mp4,playing piano,music
Ac0OxSV8Nqk_000030.mp4,"female speech, woman speaking",speech
tkRqFjQ8AyE_000030.mp4,playing clarinet,music
HzVGh0xbPXI_000000.mp4,dog barking,others
V2lkKWoRAhA_000040.mp4,playing accordion,music
4-bUsb4JIE8_000030.mp4,"male speech, man speaking",speech
cnv0_PfmPqk_000038.mp4,playing clarinet,music
pzz6Uu3p2Hg_000010.mp4,playing piano,music
h6OG_MQqSAs_000296.mp4,playing accordion,music
4A6lj86QJ6s_000180.mp4,playing piano,music
nMjq01ktKQc_000221.mp4,playing accordion,music
cjdk4ItALAg_000080.mp4,"child speech, kid speaking",speech
Sbo4kYSnOuk_000010.mp4,dog barking,others
XBFCKv_FuXA_000030.mp4,"male speech, man speaking",speech
vZubQOYf7-Q_000040.mp4,playing accordion,music
ey8psR9keWc_000060.mp4,"child speech, kid speaking",speech
dEYg9FqHwmc_000220.mp4,"child speech, kid speaking",speech
3XhTM13Li7M_000202.mp4,dog barking,others
1r1J4KB8Rkg_000010.mp4,"child speech, kid speaking",speech
TvtB-5umIfM_000270.mp4,playing piano,music
CktWfrze40w_000030.mp4,playing accordion,music
0Ae0TjgPERk_000030.mp4,"male speech, man speaking",speech
05p8zKBzdPU_000140.mp4,playing accordion,music
RMK7xZZGR-A_000160.mp4,playing piano,music
5R4VDCfvRsw_000030.mp4,"male speech, man speaking",speech
XVvStBkqDA4_000180.mp4,playing clarinet,music
wUsxkfYPABg_000470.mp4,playing piano,music
XuvGzQJ7xeo_000040.mp4,"female speech, woman speaking",speech
eK19IFDrxoo_000030.mp4,playing accordion,music
ufSSCltfOAI_000002.mp4,playing clarinet,music
gfxXRH-tV2U_000100.mp4,thunder,others
doZwqc3SwQg_000020.mp4,"child speech, kid speaking",speech
bhgPmw6-w7Q_000000.mp4,"child speech, kid speaking",speech
6GFmnB9lDCU_000240.mp4,dog barking,others
AdqUbfAPr6I_000020.mp4,playing piano,music
4qiKMQOovEc_000030.mp4,"male speech, man speaking",speech
hsLSKowl_k8_000011.mp4,playing accordion,music
9jsgYmHj8UM_000030.mp4,"female speech, woman speaking",speech
-eSomY6i3_A_000030.mp4,"male speech, man speaking",speech
K1DHGdAOBH8_000029.mp4,playing clarinet,music
7f_iTI8tHWY_000210.mp4,"male speech, man speaking",speech
QtQEe-KCrfc_000040.mp4,"child speech, kid speaking",speech
rCBFVARI-no_000030.mp4,"male speech, man speaking",speech
3xbAoVtkinI_000100.mp4,dog barking,others
YzLQLfPgdkw_000500.mp4,playing piano,music
NXdyIjnzMQQ_000310.mp4,playing piano,music
O6DHCBo2c_0_000000.mp4,playing accordion,music
iiOtUMMHqTY_000064.mp4,dog barking,others
3DO6o12iY-8_000030.mp4,"child speech, kid speaking",speech
8zldVGDZgCw_000300.mp4,thunder,others
ygYEwNv-NOA_000025.mp4,playing clarinet,music
tTiiwqTo5Fk_000130.mp4,"female speech, woman speaking",speech
moLZR7XXTMg_000080.mp4,playing accordion,music
f8paUyzC5jM_000100.mp4,playing clarinet,music
1qkpLO7nmG8_000020.mp4,"female speech, woman speaking",speech
TKKlmdiKRcg_000020.mp4,playing piano,music
nF-EbS8kHlg_000030.mp4,playing accordion,music
HyPfaFKG0dM_000190.mp4,playing clarinet,music
7e5jm486oKI_000010.mp4,playing piano,music
mrH7SmFVytc_000010.mp4,"child speech, kid speaking",speech
vfJgAwauiMQ_000020.mp4,playing clarinet,music
KFNA7Gmyjxk_000010.mp4,"female speech, woman speaking",speech
2V3-6ACOr-o_000140.mp4,playing piano,music
3T78h81cfjc_000030.mp4,playing accordion,music
PTjNb3y7X1k_000160.mp4,playing accordion,music
C4VufzeAOBE_000030.mp4,"male speech, man speaking",speech
dQ7K9PN8xRA_000020.mp4,"child speech, kid speaking",speech
xI4jK6w6vKk_000020.mp4,playing accordion,music
rbwQoMXf_OY_000120.mp4,playing accordion,music
AQbBXgP74yU_000240.mp4,playing piano,music
MS4q6wtYrwA_000020.mp4,"male speech, man speaking",speech
6k3gj37hc6E_000030.mp4,"female speech, woman speaking",speech
A2vKagPEW-Y_000030.mp4,thunder,others
3a4NTNbEIDA_000030.mp4,"male speech, man speaking",speech
aDpN70rcIn0_000040.mp4,dog barking,others
sIYBhKyH4T0_000030.mp4,playing clarinet,music
gTTLRReWORg_000027.mp4,playing clarinet,music
DWNPFyuh-Us_000120.mp4,playing clarinet,music
d5XbJEdbEqg_000014.mp4,playing accordion,music
cnlIc5kN9C8_000030.mp4,playing clarinet,music
bTSvwZjyIQQ_000250.mp4,playing piano,music
bhaP9jGaMsI_000000.mp4,"child speech, kid speaking",speech
sy87hcIZhX0_000030.mp4,dog barking,others
3bQzFGT0zj0_000057.mp4,playing piano,music
ArPKMEEJO3Q_000002.mp4,"male speech, man speaking",speech
FCR5QVd0_II_000030.mp4,"male speech, man speaking",speech
7BlXQu2VG7Q_000023.mp4,"male speech, man speaking",speech
c03o11y0wkM_000030.mp4,playing accordion,music
7b-uEoE0_Z0_000100.mp4,playing piano,music
hh_DVVgHYzI_000070.mp4,dog barking,others
43-QSMNb1zw_000030.mp4,"female speech, woman speaking",speech
t63StnqMECE_000170.mp4,playing clarinet,music
779Sy5DHufU_000030.mp4,"male speech, man speaking",speech
CfO-lBWDvko_000017.mp4,dog barking,others
xQX-n-021ck_000030.mp4,playing piano,music
8gjwdqfFeuU_000090.mp4,playing accordion,music
1DUjfw2-hzE_000007.mp4,playing accordion,music
45XeZOfuc9c_000219.mp4,playing clarinet,music
mtc5VQNhvDs_000000.mp4,dog barking,others
UEUSh7LpD88_000010.mp4,thunder,others
pVQ7i3eAgYQ_000050.mp4,playing piano,music
8apTbZnAGaE_000160.mp4,"child speech, kid speaking",speech
aZ5XN3XyOH8_000170.mp4,"child speech, kid speaking",speech
ockSE09WAlI_000030.mp4,playing piano,music
cpAeUmXk9_I_000570.mp4,"female speech, woman speaking",speech
freH_COjZoM_000100.mp4,"female speech, woman speaking",speech
0BAiplxVmys_000210.mp4,"female speech, woman speaking",speech
uPIulmVCfNw_000000.mp4,"child speech, kid speaking",speech
BVASnMAk6QQ_000030.mp4,"female speech, woman speaking",speech
SDZeH9KJAUs_000230.mp4,"female speech, woman speaking",speech
BYqQUIcotfA_000390.mp4,"male speech, man speaking",speech
T2ePVSIk310_000020.mp4,playing piano,music
45_cuqUGOUI_000010.mp4,"child speech, kid speaking",speech
0lyCxY8cG7k_000470.mp4,playing clarinet,music
Yar0XI1PdKA_000020.mp4,"child speech, kid speaking",speech
7XhFaY-E1D0_000275.mp4,playing clarinet,music
ywyadbbQpbw_000030.mp4,dog barking,others
CAUThbFXzjA_000520.mp4,"male speech, man speaking",speech
WCdVk1oEbF4_000030.mp4,playing piano,music
JleyETlXL-g_000190.mp4,playing piano,music
CaeMb35PVeI_000030.mp4,"male speech, man speaking",speech
RU0w5Tb_8JY_000260.mp4,playing piano,music
ocEmThJrzeE_000053.mp4,playing accordion,music
pshc3VbRB1c_000000.mp4,playing clarinet,music
0Vk7uLPqayM_000020.mp4,dog barking,others
SUDxZMPJnrQ_000140.mp4,"male speech, man speaking",speech
75NeemE8adw_000130.mp4,playing accordion,music
QV0AKs6aFoE_000000.mp4,playing piano,music
tarqlNXm9fo_000006.mp4,playing clarinet,music
hXhAj2WYMYo_000160.mp4,"child speech, kid speaking",speech
kO8GfI9IbU8_000533.mp4,playing accordion,music
FLhuFKCiX0A_000480.mp4,"female speech, woman speaking",speech
fKFH7GuhFH4_000080.mp4,dog barking,others
8l8H7qcRJJs_000030.mp4,"male speech, man speaking",speech
48AuNhd507I_000030.mp4,"child speech, kid speaking",speech
jm7-G8YKZM8_000160.mp4,playing accordion,music
2o2loo3QKP0_000026.mp4,"male speech, man speaking",speech
W_mhHAT62vo_000580.mp4,playing piano,music
9v8gRRM5K_w_000030.mp4,"female speech, woman speaking",speech
Wg86ercBjY0_000002.mp4,playing clarinet,music
y77mRVz4KHg_000060.mp4,playing clarinet,music
7UsucognTYA_000010.mp4,"child speech, kid speaking",speech
XgNxLJRZK_Q_000030.mp4,playing accordion,music
Xl-DPjyJRbw_000080.mp4,playing clarinet,music
NWOP29dezfA_000030.mp4,playing accordion,music
An6rhCwAOZI_000030.mp4,"female speech, woman speaking",speech
A7xKqWNRrlg_000030.mp4,"male speech, man speaking",speech
wHwkH4TW4WA_000020.mp4,dog barking,others
Joa_c5pYD7Y_000070.mp4,dog barking,others
J233LPBqf7E_000130.mp4,"child speech, kid speaking",speech
-atZkewj7GU_000030.mp4,"female speech, woman speaking",speech
PeueLuqTrXw_000460.mp4,"male speech, man speaking",speech
xcn3rDt_LyY_000070.mp4,playing piano,music
IrdJpVDHu64_000110.mp4,playing piano,music
0vtn8NhofOw_000186.mp4,dog barking,others
DvN1f4paTN0_000030.mp4,"male speech, man speaking",speech
hOL8shIsTRo_000135.mp4,playing clarinet,music
5NKfOLgdOgw_000030.mp4,"male speech, man speaking",speech
64xZG8lqIxc_000160.mp4,"child speech, kid speaking",speech
JOPu8OsYiMM_000030.mp4,playing piano,music
1S0JFYuFTyk_000030.mp4,"male speech, man speaking",speech
lXsgRZASyEg_000010.mp4,playing piano,music
X22YeBg2RBU_000040.mp4,"child speech, kid speaking",speech
QmSfw9-weTU_000185.mp4,playing accordion,music
C62KgICAy8o_000030.mp4,"female speech, woman speaking",speech
tGOJ7T08k3M_000095.mp4,playing clarinet,music
J1hAxA5VdSc_000442.mp4,playing clarinet,music
EuHQ6TH60_I_000030.mp4,"female speech, woman speaking",speech
PXQtk1RqdDY_000030.mp4,playing clarinet,music
U6udaPjZSnY_000010.mp4,dog barking,others
Jn9r0avp0fY_000030.mp4,playing piano,music
X17lq90OIO8_000020.mp4,dog barking,others
Nd2Q9HhrY_4_000000.mp4,thunder,others
n3bX64Z_Yds_000058.mp4,playing clarinet,music
fp6pBJ1Iygk_000026.mp4,dog barking,others
pelJQVAezqc_000180.mp4,thunder,others
q-pIrQSixzI_000220.mp4,"child speech, kid speaking",speech
C39uHcVZNIY_000030.mp4,"female speech, woman speaking",speech
l2N7q5YZjn0_000400.mp4,thunder,others
T5cZ9TG-8qw_000000.mp4,playing piano,music
MkrFhq3F_z4_000100.mp4,playing accordion,music
9o2GcFviRBc_000590.mp4,"child speech, kid speaking",speech
37pjUCD_kyg_000030.mp4,"male speech, man speaking",speech
vg4s4-648pc_000256.mp4,"female speech, woman speaking",speech
6t7ex1vMFpg_000030.mp4,"male speech, man speaking",speech
pDhluIk_4Ww_000052.mp4,playing clarinet,music
0WZ3aV7YfSM_000050.mp4,"child speech, kid speaking",speech
5EkgOiOGytY_000030.mp4,"male speech, man speaking",speech
PYYggAMBkq0_000010.mp4,dog barking,others
bBfEkxp_5z4_000060.mp4,thunder,others
khAexIzn034_000030.mp4,playing clarinet,music
VOnP9N7FAT8_000088.mp4,playing accordion,music
2e1juXs5N7U_000030.mp4,"male speech, man speaking",speech
1oPiseY5V7k_000040.mp4,playing accordion,music
XgTeA1ZdYYk_000020.mp4,playing piano,music
8Rl-B1pjcek_000050.mp4,"child speech, kid speaking",speech
YYGv6rC7_5M_000060.mp4,"female speech, woman speaking",speech
-84CyEpynsY_000010.mp4,dog barking,others
Zt0THhLgknk_000140.mp4,playing clarinet,music
DsfciV8OJCw_000170.mp4,playing accordion,music
R_7e-ckFgF0_000030.mp4,"male speech, man speaking",speech
cG8SfX25CSQ_000090.mp4,thunder,others
BZtrfaNpUQo_000030.mp4,"male speech, man speaking",speech
z5T_58rBMhk_000070.mp4,playing accordion,music
hi8ft0rb-vs_000080.mp4,playing accordion,music
bR0bXsrOuGA_000030.mp4,playing accordion,music
3dd6zwvS_T4_000030.mp4,playing accordion,music
NzrHstBcqXQ_000370.mp4,"female speech, woman speaking",speech
B0cyJgzkB6w_000040.mp4,"female speech, woman speaking",speech
6g8_mtl-QEw_000130.mp4,playing piano,music
AfnruW7yERA_000481.mp4,"female speech, woman speaking",speech
s31OTtRsD7s_000030.mp4,playing accordion,music
MU1383zAS_8_000000.mp4,thunder,others
9QzkyMR-b2U_000030.mp4,"male speech, man speaking",speech
ApA9rhu8Iwk_000030.mp4,"female speech, woman speaking",speech
84aO7iOmDCA_000011.mp4,playing clarinet,music
yqwGZ6Qdis8_000250.mp4,playing piano,music
84vGUGey4pM_000004.mp4,"male speech, man speaking",speech
P7NbOa4aGjw_000170.mp4,"male speech, man speaking",speech
kJNUmmTuMas_000000.mp4,dog barking,others
6Csnl-YraE8_000030.mp4,"female speech, woman speaking",speech
AnXeRli9uLw_000030.mp4,"male speech, man speaking",speech
6ekX-zSdE64_000105.mp4,playing clarinet,music
aHwbJLJW9o0_000020.mp4,dog barking,others
YbhtDQUdtDQ_000070.mp4,"female speech, woman speaking",speech
3WbUCxiuwIs_000030.mp4,"male speech, man speaking",speech
5ph-IRg4k3o_000030.mp4,"female speech, woman speaking",speech
ih-zaNodTEE_000100.mp4,thunder,others
Z_m03YV8Wek_000080.mp4,"child speech, kid speaking",speech
UAimvH3-zvY_000100.mp4,dog barking,others
muHo26SaMjk_000210.mp4,"child speech, kid speaking",speech
Zq0-6pQXsGA_000300.mp4,"child speech, kid speaking",speech
CYZ8TrVcthM_000030.mp4,thunder,others
xVQ6CeNzyFQ_000030.mp4,playing accordion,music
mTGgwF5ms-g_000289.mp4,"child speech, kid speaking",speech
5OEvBmTRsEE_000010.mp4,dog barking,others
HhESQEt_bP4_000030.mp4,playing accordion,music
9Nkax3NgEIA_000030.mp4,thunder,others
JkpcAeRvu6Q_000010.mp4,dog barking,others
5VOnnnusHvM_000030.mp4,"male speech, man speaking",speech
mdH7PnifplI_000119.mp4,playing clarinet,music
DrVso0pr5nM_000157.mp4,playing clarinet,music
bFwgDZm8CJg_000000.mp4,dog barking,others
4UUH1K4bRSo_000030.mp4,dog barking,others
Ad5Mu5mqjWA_000060.mp4,"child speech, kid speaking",speech
UkqpojuURF4_000150.mp4,playing piano,music
hjQZUUVPZ6w_000140.mp4,playing clarinet,music
MiQyn5G08fU_000030.mp4,dog barking,others
6OdowdMXONM_000030.mp4,"male speech, man speaking",speech
9ZuaN3lQhj4_000030.mp4,"female speech, woman speaking",speech
lboOdAwbE_E_000480.mp4,playing piano,music
2T742rZ0KgQ_000030.mp4,"male speech, man speaking",speech
n18gX2CtweM_000110.mp4,playing accordion,music
LqInaHKSdvo_000030.mp4,dog barking,others
43ZKh2qRHkA_000030.mp4,"male speech, man speaking",speech
3FE8j7NBfbU_000030.mp4,"male speech, man speaking",speech
suAoyDXpB6w_000210.mp4,thunder,others
QQu-QaGAHSI_000010.mp4,"male speech, man speaking",speech
4OJXPW1j1ss_000030.mp4,"male speech, man speaking",speech
1z3TrNzmAaw_000251.mp4,playing clarinet,music
KB-CQs1OtXI_000007.mp4,dog barking,others
s9z2bHXSEgE_000000.mp4,"child speech, kid speaking",speech
1iCRrHMgBzk_000000.mp4,dog barking,others
7AsU9_enF0o_000030.mp4,"male speech, man speaking",speech
q9GZfcWygDo_000590.mp4,"child speech, kid speaking",speech
B_jzlUNHt0s_000030.mp4,"female speech, woman speaking",speech
YykE1gUnv4w_000030.mp4,playing accordion,music
bsM-z2joYss_000030.mp4,"child speech, kid speaking",speech
RkkMCcm6lGM_000000.mp4,"child speech, kid speaking",speech
hYZE-WwJVkc_000000.mp4,playing clarinet,music
VHtA-_Lisxw_000190.mp4,playing clarinet,music
yMKCLM0wvSY_000080.mp4,playing clarinet,music
UIkQ_KOeQBw_000120.mp4,"child speech, kid speaking",speech
OIyczfdVAHs_000180.mp4,"child speech, kid speaking",speech
ryrz6DiVAyE_000030.mp4,playing accordion,music
3ghRDHmXSyA_000030.mp4,"female speech, woman speaking",speech
5BiaVon06l4_000030.mp4,"male speech, man speaking",speech
3xJdey1QLLo_000030.mp4,"male speech, man speaking",speech
64zPbHPyiwE_000030.mp4,"male speech, man speaking",speech
Auw03zSokmE_000030.mp4,playing piano,music
Q-yt09-INxg_000040.mp4,playing piano,music
b-JsZ9Qy1dA_000030.mp4,playing accordion,music
TkIi7GER2YY_000110.mp4,playing accordion,music
csdWzOri9pk_000070.mp4,thunder,others
-zWLNnSTYJU_000310.mp4,"child speech, kid speaking",speech
tFg53ZvCxTY_000089.mp4,playing clarinet,music
e8HirCDwcfo_000001.mp4,playing accordion,music
Cg3XzrFzzpM_000060.mp4,playing accordion,music
Yq7yLrlAE1A_000025.mp4,dog barking,others
EL9SsOFJd7g_000030.mp4,"female speech, woman speaking",speech
fy8BnkkS_vM_000400.mp4,"child speech, kid speaking",speech
9Rg-gQb9qnU_000160.mp4,playing accordion,music
oQWLAQAHvDA_000000.mp4,playing clarinet,music
bHIiYo6Em20_000030.mp4,playing clarinet,music
nifgcAaV8IU_000080.mp4,playing piano,music
k6T5A21RwH0_000240.mp4,thunder,others
oyXpcpeQ-pg_000080.mp4,"child speech, kid speaking",speech
2_3P73g4M7M_000230.mp4,"female speech, woman speaking",speech
5aeln5iT_0Y_000030.mp4,"female speech, woman speaking",speech
fWwGRrdOJMA_000007.mp4,dog barking,others
0SHlE6nAdg4_000030.mp4,"male speech, man speaking",speech
exgypnMRYEU_000100.mp4,playing piano,music
Zf6rhwIte6A_000010.mp4,dog barking,others
NPbK6I3b6rs_000020.mp4,playing piano,music
FmySurakTvY_000120.mp4,playing accordion,music
vnn25GVoOGY_000000.mp4,"child speech, kid speaking",speech
vuJXQRWXmVs_000430.mp4,playing clarinet,music
8xBMUMhBNCc_000030.mp4,"male speech, man speaking",speech
sgKKBbe8CW0_000140.mp4,playing piano,music
3RS38lhKIXA_000010.mp4,playing piano,music
dZKDMpYLUC0_000550.mp4,playing clarinet,music
UMd31xe_8GU_000021.mp4,playing piano,music
Cl03p6ewffk_000090.mp4,playing accordion,music
GWymNAjnISU_000380.mp4,"female speech, woman speaking",speech
OhKeU_cxNDQ_000030.mp4,playing accordion,music
U-vFWXy408E_000010.mp4,"male speech, man speaking",speech
qFNhpWU6Lmc_000020.mp4,thunder,others
sEpXj5HQ2ck_000000.mp4,dog barking,others
obJc174wQtg_000060.mp4,playing piano,music
2kLO5ebfeA0_000020.mp4,dog barking,others
S7NGvpfYmn8_000050.mp4,playing piano,music
4Ez7a6IPfv4_000452.mp4,dog barking,others
wgOlwI5jKos_000411.mp4,dog barking,others
C8xsG_3Zm3I_000030.mp4,"male speech, man speaking",speech
yOoWmYTsIaI_000030.mp4,playing piano,music
JY-hKuBLiY4_000002.mp4,playing clarinet,music
vVndCE9DWb0_000190.mp4,playing piano,music
6R5QAck0LFs_000030.mp4,"male speech, man speaking",speech
C9DKBh_c4xA_000030.mp4,"male speech, man speaking",speech
vffgQUBhdLk_000030.mp4,playing piano,music
TFT71EbrX7E_000030.mp4,playing piano,music
2jBbnnkGXL8_000030.mp4,"male speech, man speaking",speech
PjwsI-2LCeA_000170.mp4,playing piano,music
iT60_xVKdg8_000172.mp4,dog barking,others
DRPlHayqsbw_000030.mp4,"female speech, woman speaking",speech
SFnMTHhKdkw_000349.mp4,"female speech, woman speaking",speech
H6Km4Do59u0_000020.mp4,playing piano,music
Y_Ull3i3Lzs_000000.mp4,playing clarinet,music
WWCRmZyYvaY_000000.mp4,playing accordion,music
7pa-jZW3wAo_000030.mp4,"female speech, woman speaking",speech
_REg3JRsI88_000240.mp4,playing clarinet,music
DPPPYgju9IU_000022.mp4,"child speech, kid speaking",speech
LF1t9KbTNeA_000022.mp4,playing accordion,music
24HPf9CJYVU_000030.mp4,"male speech, man speaking",speech
10RuctBoBuI_000030.mp4,"male speech, man speaking",speech
6ZZe3BlpEMI_000030.mp4,"female speech, woman speaking",speech
dWSgrD-TNR0_000120.mp4,playing accordion,music
is4FxgL_kiM_000020.mp4,playing piano,music
6Z3RPlFMFTg_000030.mp4,"male speech, man speaking",speech
1mqE5FhYbDY_000070.mp4,playing piano,music
2nM0zxI0tV0_000090.mp4,playing accordion,music
rABb6b-UrVc_000085.mp4,playing clarinet,music
E6HgxjC-6PA_000030.mp4,"male speech, man speaking",speech
5uTW7R6AxUE_000010.mp4,playing piano,music
hM6x6805-Cg_000040.mp4,playing clarinet,music
UCl-ur_pr2o_000329.mp4,dog barking,others
f0HOmw3QFtY_000030.mp4,playing piano,music
Tnd-BCSCEzI_000000.mp4,playing clarinet,music
56D8PVkDS8w_000030.mp4,"female speech, woman speaking",speech
V3-diqR41yo_000232.mp4,playing accordion,music
c6XGS9Yk6L4_000009.mp4,playing clarinet,music
D9nUIsJyOw8_000030.mp4,"male speech, man speaking",speech
vyMTana7EP4_000040.mp4,dog barking,others
CqKcyXt6laA_000014.mp4,dog barking,others
tznoShjZhyc_000030.mp4,dog barking,others
uGltPlcaTtM_000070.mp4,"child speech, kid speaking",speech
5WmbhObg-yI_000030.mp4,"male speech, man speaking",speech
DdDEIbXol2Q_000040.mp4,"child speech, kid speaking",speech
SqBHC1hinGs_000000.mp4,"male speech, man speaking",speech
mf6FpJk2PM0_000000.mp4,playing piano,music
hc6Sl6f4Jlk_000000.mp4,playing clarinet,music
SNZOpdPhp9Q_000100.mp4,"female speech, woman speaking",speech
STr4-FxNNyQ_000000.mp4,dog barking,others
blxyqCzgJls_000015.mp4,playing clarinet,music
5UCslcbSiA0_000250.mp4,"female speech, woman speaking",speech
W2lbnNC93yA_000140.mp4,playing accordion,music
7YqBf3dz8gw_000030.mp4,"female speech, woman speaking",speech
7a5qWbWdFtQ_000281.mp4,playing clarinet,music
2ETM0ypWQoo_000010.mp4,playing piano,music
93jm0xaG6bs_000210.mp4,playing piano,music
0YtTdTtlj8Y_000030.mp4,"male speech, man speaking",speech
GYj8T1N-fcA_000030.mp4,playing clarinet,music
bsZLqJPDqyI_000070.mp4,dog barking,others
34KKjNfDPtI_000030.mp4,"male speech, man speaking",speech
h5wc_DZpdqk_000250.mp4,"female speech, woman speaking",speech
Gr6VSc5sqpA_000160.mp4,"female speech, woman speaking",speech
txUKJOIKgGg_000000.mp4,"child speech, kid speaking",speech
e9j4_tghBlc_000152.mp4,"female speech, woman speaking",speech
rPlvUTUBClc_000010.mp4,"child speech, kid speaking",speech
12lHWBzDR9E_000030.mp4,dog barking,others
RVBod2kPAnc_000038.mp4,playing clarinet,music
BMB_AHX_uzw_000030.mp4,"male speech, man speaking",speech
9GBlhEZAlcQ_000190.mp4,playing clarinet,music
3XP3bSbuFCg_000000.mp4,playing piano,music
SzfGLLlxjJ0_000030.mp4,playing piano,music
guV7LQwVgKg_000010.mp4,thunder,others
liDQRLYu2EM_000949.mp4,playing piano,music
xR3xgWfvuxo_000030.mp4,playing piano,music
vpfYsBsVEeI_000320.mp4,playing piano,music
acCUENo2M_Q_000050.mp4,"child speech, kid speaking",speech
OShqxnK8keU_000152.mp4,"female speech, woman speaking",speech
InY1jJVjLIw_000070.mp4,"child speech, kid speaking",speech
dQAS-BeWd-0_000020.mp4,playing accordion,music
WCTNhus0itc_000005.mp4,dog barking,others
dfA32yXUIHE_000020.mp4,playing clarinet,music
DnaT8JxUTY0_000062.mp4,"female speech, woman speaking",speech
fIiUj530e0w_000040.mp4,playing clarinet,music
g7R_VRGLSDw_000010.mp4,"child speech, kid speaking",speech
NAqmKXuA9Eo_000380.mp4,playing clarinet,music
mpoV-SHNr08_000030.mp4,"child speech, kid speaking",speech
PjPp-KMQpEc_000060.mp4,playing clarinet,music
FRb9sSaF6EY_000010.mp4,thunder,others
nrqJWa3hFhc_000070.mp4,"child speech, kid speaking",speech
jy2hv236Vx4_000140.mp4,playing piano,music
BuD3zqP1TbU_000060.mp4,dog barking,others
dJIfXN1nw6Q_000213.mp4,playing clarinet,music
KjutXRqbtmo_000490.mp4,"female speech, woman speaking",speech
M6Q_ajrxoT0_000020.mp4,"child speech, kid speaking",speech
7ICHf5EBXeQ_000030.mp4,"male speech, man speaking",speech
cqcbhqIWXME_000030.mp4,playing piano,music
2-dUD5gM3mk_000030.mp4,"male speech, man speaking",speech
4dN9JkRUQeU_000030.mp4,playing accordion,music
419h93TiCFg_000190.mp4,playing piano,music
ZcMBuujOk7Q_000030.mp4,playing accordion,music
qJabn6CtR2g_000025.mp4,dog barking,others
YcXrQmyOvy4_000160.mp4,"child speech, kid speaking",speech
Vs2gZcQ4y1w_000001.mp4,playing clarinet,music
xl6oKiMPMwY_000090.mp4,"child speech, kid speaking",speech
Wkz7GD654sw_000100.mp4,playing accordion,music
fc7peYF01zs_000000.mp4,"child speech, kid speaking",speech
5IaPmbssxeM_000150.mp4,playing piano,music
YQNtpOwJyj0_000030.mp4,"male speech, man speaking",speech
OmP5yJgpACQ_000080.mp4,playing piano,music
RUm9jN9BDaI_000190.mp4,playing piano,music
d3p6_1mDTKk_000030.mp4,playing piano,music
LNHBMFCzznE_000237.mp4,"female speech, woman speaking",speech
DYCtWMJ4INE_000030.mp4,"male speech, man speaking",speech
7dZEI775m3w_000204.mp4,playing accordion,music
2U6as8c6-x0_000270.mp4,"child speech, kid speaking",speech
YQW1Kp3fBaA_000090.mp4,thunder,others
DKAPXsq3w18_000030.mp4,"male speech, man speaking",speech
2hNBsHzJKdA_000030.mp4,"male speech, man speaking",speech
6Jx5i2dAsns_000055.mp4,playing accordion,music
_-t_eBGMn9g_000450.mp4,"child speech, kid speaking",speech
22rzHr6Mizo_000180.mp4,playing piano,music
lOgG07m1Bfg_000030.mp4,thunder,others
Ihl2RcbImDE_000040.mp4,"child speech, kid speaking",speech
6nvpe6V2Z80_000030.mp4,"male speech, man speaking",speech
VI8Ih9j3xfc_000020.mp4,playing accordion,music
69FMGjSTxfY_000090.mp4,"child speech, kid speaking",speech
5lxhhJJBIXo_000030.mp4,"male speech, man speaking",speech
4DrqZfZnF5M_000030.mp4,"male speech, man speaking",speech
BvLZwKRRCp8_000030.mp4,"male speech, man speaking",speech
_nUaENqaw2E_000000.mp4,playing clarinet,music
2M4NSG-8NVw_000030.mp4,playing accordion,music
i3QFjgMj0lE_000030.mp4,playing accordion,music
9ySEAshEpUM_000030.mp4,"male speech, man speaking",speech
6gdQZBFkrZg_000000.mp4,"child speech, kid speaking",speech
TJCuZDjIzAw_000050.mp4,dog barking,others
4DclUFTGLsw_000040.mp4,playing accordion,music
Ef6iUsNCbo0_000177.mp4,playing accordion,music
-rPJ7Wsc0DM_000030.mp4,dog barking,others
9VQuz-WzOc4_000030.mp4,"child speech, kid speaking",speech
-wA1T-d7yMQ_000030.mp4,"female speech, woman speaking",speech
lxjEiNt7TrE_000020.mp4,dog barking,others
8T0dqvmMM7I_000070.mp4,"female speech, woman speaking",speech
ATxD2HZzN4w_000040.mp4,playing piano,music
UekNgGYeivc_000330.mp4,"female speech, woman speaking",speech
nqfoLpdshr4_000270.mp4,"female speech, woman speaking",speech
13DXqRtu-fM_000030.mp4,"male speech, man speaking",speech
7RV10enFfwk_000030.mp4,"male speech, man speaking",speech
9_7xODCSJFo_000030.mp4,"male speech, man speaking",speech
m7QpM6yMkiE_000360.mp4,playing clarinet,music
UXPCMZvroy8_000140.mp4,playing piano,music
XZZF-WVp8kI_000000.mp4,playing clarinet,music
SnlqIuTnZIY_000000.mp4,dog barking,others
kUSTcsB-ekA_000148.mp4,playing clarinet,music
Qr4Bk3zznf4_000000.mp4,playing clarinet,music
J1KF4NlHN1U_000030.mp4,playing piano,music
4wszySOJd10_000063.mp4,playing clarinet,music
q-4Fd6CMStI_000030.mp4,playing piano,music
7T7YXd1NYmI_000150.mp4,playing accordion,music
d0RtfyvA8z8_000000.mp4,dog barking,others
rHZt00BxVpo_000090.mp4,playing piano,music
MZO_opa9rxI_000030.mp4,playing clarinet,music
l_yv1_NPVyU_000340.mp4,"female speech, woman speaking",speech
O84Wf-Z3sgs_000080.mp4,playing accordion,music
SxterSKpZ-U_000050.mp4,playing piano,music
asszk5amXyM_000000.mp4,"child speech, kid speaking",speech
nQDgqL5o62c_000050.mp4,playing piano,music
uZcmLM9va1k_000100.mp4,playing piano,music
NYQ5Du2qDFI_000073.mp4,playing clarinet,music
8sfgHy_6lRs_000030.mp4,dog barking,others
Yh2hrWhKejk_000550.mp4,"child speech, kid speaking",speech
1KXvMbltDiU_000090.mp4,"child speech, kid speaking",speech
1iJPZfS8U9M_000050.mp4,playing clarinet,music
ThUAAmLjUKM_000020.mp4,thunder,others
7gnkd1_5kZU_000170.mp4,playing accordion,music
PPIRwa5nKA4_000250.mp4,"female speech, woman speaking",speech
9b3hrwj7iFc_000010.mp4,dog barking,others
M8t3M3tcl40_000230.mp4,"female speech, woman speaking",speech
7AVgJbRzSPg_000010.mp4,"female speech, woman speaking",speech
5NQILzmGTNY_000030.mp4,"male speech, man speaking",speech
5ws-9jXnSVw_000030.mp4,"male speech, man speaking",speech
CrKdv1u7458_000030.mp4,"male speech, man speaking",speech
5Z2-FixkXVM_000350.mp4,"child speech, kid speaking",speech
kQs6MMqzDPc_000150.mp4,"child speech, kid speaking",speech
mWYUJwz3Jxo_000070.mp4,dog barking,others
b8KSPuiPG68_000140.mp4,playing piano,music
K7bXcSA736Y_000240.mp4,playing piano,music
zrLsaYPLtEE_000170.mp4,playing piano,music
z3TOpvjOjjg_000000.mp4,dog barking,others
450DA4AZG6U_000030.mp4,"male speech, man speaking",speech
sXnFdCx59MA_000110.mp4,playing clarinet,music
5VKObGyZK90_000010.mp4,playing clarinet,music
fLQDFiMiMrA_000030.mp4,playing clarinet,music
xhTDmDqQ6SQ_000030.mp4,playing accordion,music
-mDJXWTYdWc_000057.mp4,playing piano,music
dxow2DcTrwk_000070.mp4,thunder,others
uIvML-TrnNQ_000405.mp4,"female speech, woman speaking",speech
7HtNNoUjz2A_000030.mp4,"male speech, man speaking",speech
APeqc3s0Kvo_000110.mp4,playing clarinet,music
SZEjdKlIv48_000030.mp4,playing accordion,music
0bUDOHUzdEw_000030.mp4,"female speech, woman speaking",speech
Z2AzriAJGCY_000000.mp4,playing clarinet,music
6zLh9GczKOk_000030.mp4,dog barking,others
fou5l8zaNcQ_000000.mp4,dog barking,others
hjEy09F43_0_000000.mp4,"child speech, kid speaking",speech
GLjai294FcU_000030.mp4,dog barking,others
b5D28KkqEpk_000420.mp4,"child speech, kid speaking",speech
8UlnZV36ZgQ_000030.mp4,"female speech, woman speaking",speech
xT9kDZ7rFas_000166.mp4,playing clarinet,music
1FcwWT5dZDg_000030.mp4,playing piano,music
iAaZKc-rEc4_000150.mp4,"female speech, woman speaking",speech
euNSTuW7uEk_000030.mp4,thunder,others
jh7OAncFfwk_000020.mp4,playing accordion,music
N3VcfcoiTac_000100.mp4,playing clarinet,music
wOC8GhXGRQM_000000.mp4,"female speech, woman speaking",speech
3qMYEZUkvcU_000110.mp4,playing piano,music
kzB1fnjEX0I_000108.mp4,dog barking,others
3d20cLcL-wI_000030.mp4,"male speech, man speaking",speech
7WVwwGVYPkI_000080.mp4,playing accordion,music
4Nz4Y5jq7ak_000030.mp4,"male speech, man speaking",speech
B7hIgggyfRc_000030.mp4,playing accordion,music
zQptvcZ6Q64_000040.mp4,thunder,others
9OKldGLkcYI_000040.mp4,playing piano,music
i9jyDl1ltJk_000410.mp4,playing piano,music
v4fDvwx__1I_000070.mp4,playing piano,music
dagj5ajV5js_000030.mp4,playing clarinet,music
OCw0GOvkfGg_000196.mp4,playing accordion,music
iOXaRsq1V7U_000130.mp4,"child speech, kid speaking",speech
juCrjpArb6M_000000.mp4,dog barking,others
ESQKMvVQxOM_000010.mp4,"child speech, kid speaking",speech
9LPu8Gh-GTg_000030.mp4,playing piano,music
EmDkelI1zos_000030.mp4,"female speech, woman speaking",speech
wDcPHVMHWDo_000110.mp4,playing accordion,music
zariySR0DLY_000030.mp4,playing accordion,music
G-PXw_3bMTo_000340.mp4,"female speech, woman speaking",speech
acjAU-qgCcc_000020.mp4,thunder,others
wxO5Vlex-oY_000000.mp4,playing clarinet,music
FaRS4W3EbWo_000160.mp4,thunder,others
Bs6a7tENmJQ_000040.mp4,dog barking,others
stYfLC9CWOQ_017260.mp4,thunder,others
xgBIxcR_vGA_000010.mp4,"child speech, kid speaking",speech
727ZfUFiLzo_000006.mp4,playing piano,music
22UJWXfplhw_000030.mp4,"male speech, man speaking",speech
_GHSwN2qjYw_000080.mp4,playing accordion,music
62xEtryKV3c_000060.mp4,playing accordion,music
5EW4tgQCOjk_000002.mp4,"male speech, man speaking",speech
TVkOhoZilTY_000200.mp4,playing clarinet,music
7aI3b51NR5A_000150.mp4,"child speech, kid speaking",speech
ONoSQCjkELc_000180.mp4,"child speech, kid speaking",speech
9BI5LkCQoAI_000030.mp4,"female speech, woman speaking",speech
1mpJ7c5zGHw_000372.mp4,playing piano,music
PPd3u6-DPeI_000270.mp4,"female speech, woman speaking",speech
MZzJ5ysDERU_000030.mp4,"child speech, kid speaking",speech
sURHdlHX5-Y_000080.mp4,"child speech, kid speaking",speech
iIjbSFukTXU_000020.mp4,playing clarinet,music
GlmcjzEDRg4_000310.mp4,playing clarinet,music
0UcGJ1G2MjM_000006.mp4,dog barking,others
9YmSqvR9Soo_000250.mp4,playing piano,music
7wG2512L5U0_000030.mp4,"male speech, man speaking",speech
0--nzZoE_Ho_000030.mp4,"female speech, woman speaking",speech
8p73l5SokqU_000030.mp4,"female speech, woman speaking",speech
aJeKrxDd864_000024.mp4,"child speech, kid speaking",speech
eQ4r6LB3IUY_000030.mp4,playing accordion,music
9R3qvi6Hbr8_000030.mp4,"male speech, man speaking",speech
0w8Oc761btU_000080.mp4,playing piano,music
Bllfhno5dLA_000030.mp4,"male speech, man speaking",speech
TL6PJK0S8C8_000140.mp4,playing clarinet,music
6xxtId0FW8Q_000030.mp4,"female speech, woman speaking",speech
gf_FjJ4oRkQ_000050.mp4,playing piano,music
cepC78BeR8o_000060.mp4,playing accordion,music
DevY3IXk--M_000240.mp4,thunder,others
wHpoVpB1l8Q_000030.mp4,playing clarinet,music
cfWsBBSC434_000070.mp4,playing piano,music
FN4jPxZxa04_000090.mp4,playing piano,music
-CZHTNnapBE_000030.mp4,"male speech, man speaking",speech
KG4ZDqs2WDU_000030.mp4,playing clarinet,music
-_ZnPrnorVQ_000030.mp4,"male speech, man speaking",speech
RzXC5uNNFxI_000000.mp4,dog barking,others
ELZ1iTb7ggs_000047.mp4,dog barking,others
NMoWqXDepAo_000040.mp4,playing piano,music
-YH1Oig7K4k_000460.mp4,playing piano,music
ZPUl2TphmPE_000030.mp4,playing piano,music
lTZVwNGdUpE_000330.mp4,playing piano,music
BCiH6OqJguw_000030.mp4,"female speech, woman speaking",speech
DVSz-Aa6KkM_000030.mp4,"child speech, kid speaking",speech
ZNw22I-MB1Q_000030.mp4,playing accordion,music
WRTXg_7p3Hk_000250.mp4,playing piano,music
Nr6jjeoHLr8_000010.mp4,"female speech, woman speaking",speech
K4mV41pT0CI_000120.mp4,playing clarinet,music
yQ7uKCUE6a4_000130.mp4,playing clarinet,music
AmTj6J1RIeo_000030.mp4,"female speech, woman speaking",speech
3gL-av1-BUA_000300.mp4,"female speech, woman speaking",speech
LpAIjJ6hjU0_000010.mp4,"male speech, man speaking",speech
UhED68aydg0_000010.mp4,dog barking,others
Ezcx_Mc3Awo_000310.mp4,playing clarinet,music
xNI_xtNdg5M_000011.mp4,dog barking,others
x_ZCwdJWO0k_000030.mp4,playing clarinet,music
IQ9uihSqqCk_000181.mp4,playing clarinet,music
tPqj3pQyL6s_000059.mp4,playing clarinet,music
1SEN5deyHys_000130.mp4,"female speech, woman speaking",speech
U8fnPonV8_E_000054.mp4,playing clarinet,music
0pVbhQUjouc_000030.mp4,"female speech, woman speaking",speech
s3oQzLzLiFI_000110.mp4,playing piano,music
i6H-0WQSRC0_000190.mp4,"male speech, man speaking",speech
rKJik5UDbZM_000230.mp4,playing piano,music
yYFT9i5PdQo_000010.mp4,playing accordion,music
6A3P83hPSug_000260.mp4,thunder,others
1gHWNOb6Aqg_000030.mp4,"female speech, woman speaking",speech
-EMzpd-abxE_000030.mp4,"female speech, woman speaking",speech
SmW18dS6Roc_000110.mp4,"child speech, kid speaking",speech
8K7OiwKgR08_000010.mp4,dog barking,others
BRN-PSchNr4_000010.mp4,"child speech, kid speaking",speech
CvCX0KW2Wow_000030.mp4,"male speech, man speaking",speech
OOUsbPWb7eM_000086.mp4,"child speech, kid speaking",speech
9ilT_XhKEl0_000090.mp4,"child speech, kid speaking",speech
PDkKVsD13W8_000040.mp4,playing piano,music
kXsfrbXnQPU_000070.mp4,"child speech, kid speaking",speech
RKIEaiMjpGY_000100.mp4,"child speech, kid speaking",speech
aSleAKgkDDk_000000.mp4,playing accordion,music
dI5zwjM6aHc_000180.mp4,"male speech, man speaking",speech
fK4kD8fXswE_000037.mp4,playing accordion,music
Nbb7gr4kNWs_000350.mp4,playing clarinet,music
3GGleJqE_fY_000270.mp4,"female speech, woman speaking",speech
i1b5A665W_g_000040.mp4,dog barking,others
6qe9pxz1wMA_000030.mp4,"male speech, man speaking",speech
nSzA6dFKS4U_000010.mp4,thunder,others
n2EguLSOH9k_000210.mp4,dog barking,others
oMkUu4tkM1o_000020.mp4,thunder,others
zXe1qwvcJxU_000320.mp4,"female speech, woman speaking",speech
DV7VaYjfSps_000030.mp4,"female speech, woman speaking",speech
68YdIkopsEA_000030.mp4,"child speech, kid speaking",speech
NyKdgUwWies_000030.mp4,"female speech, woman speaking",speech
AyRHwZyYxEs_000003.mp4,dog barking,others
zTgJgNNFFHQ_000050.mp4,"child speech, kid speaking",speech
tlAF7JMN-VU_000040.mp4,"child speech, kid speaking",speech
4kc4DrKg06M_000030.mp4,"male speech, man speaking",speech
nlJXad_q8Mg_000220.mp4,"male speech, man speaking",speech
zQUNpc3WLYA_000299.mp4,playing clarinet,music
XHqP5xZ5AHk_000080.mp4,dog barking,others
XhuPboWmEag_000010.mp4,playing piano,music
eUkZuuaoiyQ_000001.mp4,playing accordion,music
NFJUcL27wIA_000040.mp4,dog barking,others
6jRBDG83jFc_000030.mp4,"male speech, man speaking",speech
slzl17ljtNo_000110.mp4,playing piano,music
r6rizWbI5bs_000180.mp4,playing accordion,music
xNFUl18Ur_A_000010.mp4,"child speech, kid speaking",speech
HjHEu6aovFw_000022.mp4,playing clarinet,music
AlcRFk7qexo_000000.mp4,"child speech, kid speaking",speech
2NBwt24PTe0_000030.mp4,"male speech, man speaking",speech
tVmwbJJpqJ0_000078.mp4,"female speech, woman speaking",speech
405ElhsuYd4_000320.mp4,"male speech, man speaking",speech
tq6hvveMDgk_000010.mp4,"child speech, kid speaking",speech
juD33SBjpFU_000000.mp4,playing clarinet,music
bZfQl-z6Y7Y_000000.mp4,playing clarinet,music
8KDa3i51qXk_000168.mp4,playing clarinet,music
LB1QFafs_Lo_000030.mp4,playing accordion,music
pcrdbSE9MKQ_000033.mp4,playing clarinet,music
y8shrX7_fEo_000130.mp4,"female speech, woman speaking",speech
u8S0BnBnwt0_000030.mp4,"female speech, woman speaking",speech
1FyuM-RKJr0_000020.mp4,"male speech, man speaking",speech
69T2FoZyCl8_000030.mp4,"male speech, man speaking",speech
j7D8hdwm9bE_000190.mp4,playing accordion,music
LmnzBCBjyBk_000030.mp4,playing piano,music
uAl-gZBDR1c_000020.mp4,playing piano,music
BZjyf7g4vz0_000128.mp4,playing accordion,music
8s_ngmCYVN8_000030.mp4,"female speech, woman speaking",speech
CC3Dn5ParEE_000220.mp4,playing accordion,music
vyLxN2YYPnU_000020.mp4,playing piano,music
IADbYuioZ9s_000410.mp4,thunder,others
z1jlQ1VDFc4_000120.mp4,dog barking,others
xNytP4RUnLE_000541.mp4,playing accordion,music
3ci1kPrKql0_000230.mp4,playing accordion,music
nFdH0MwrvWE_000030.mp4,dog barking,others
_J5bDhMP9lQ_000056.mp4,"female speech, woman speaking",speech
p1Ge36WWMj8_000070.mp4,playing clarinet,music
2QsJ8BgIuUM_000030.mp4,"male speech, man speaking",speech
AZ5UXCfZXNM_000070.mp4,thunder,others
lUtD_2z7Fb8_000190.mp4,playing clarinet,music
SD4i4GFYsGU_000030.mp4,dog barking,others
1cHF693l06A_000030.mp4,"male speech, man speaking",speech
p3HBVDZ9AeU_000030.mp4,playing accordion,music
nAiFReBoQBg_000510.mp4,thunder,others
7WwkT9fR508_000030.mp4,"male speech, man speaking",speech
-YZ5bDlUlug_000030.mp4,"male speech, man speaking",speech
j7VmOTf8BU4_000041.mp4,playing accordion,music
EtZeOuYb7CY_000030.mp4,"male speech, man speaking",speech
OwneapwDV9Q_000150.mp4,"child speech, kid speaking",speech
plAxljMqv5k_000340.mp4,playing clarinet,music
2ifwSdBCfLs_000030.mp4,"female speech, woman speaking",speech
NXzKv47HhO4_000070.mp4,playing accordion,music
9brBvtza0-o_000030.mp4,"male speech, man speaking",speech
5dhQ1Ksosyk_000030.mp4,"female speech, woman speaking",speech
DPMrlyqRvGg_000030.mp4,"female speech, woman speaking",speech
k9OvPBU8v5M_000530.mp4,playing clarinet,music
ouZk7vYsiJc_000050.mp4,playing piano,music
RK7JwiiFHek_000004.mp4,playing clarinet,music
-bKm6q-eipI_000030.mp4,"male speech, man speaking",speech
4VYFZbVtWd0_000030.mp4,"male speech, man speaking",speech
BRww5bnvTdA_000030.mp4,playing piano,music
P_bO3pB7Hl0_000010.mp4,playing accordion,music
ctAkq-_4N3I_000412.mp4,playing clarinet,music
7viq8InVq_E_000155.mp4,dog barking,others
E2K5l5oiECs_000030.mp4,"male speech, man speaking",speech
1sMOkG3Bs9A_000210.mp4,playing piano,music
dlZKNonIpSQ_000230.mp4,"child speech, kid speaking",speech
BX9CsBX_Kgk_000030.mp4,"male speech, man speaking",speech
A41u2lzc4vw_000268.mp4,playing clarinet,music
4JkPjbmzwMM_000030.mp4,"female speech, woman speaking",speech
V-bjOJzB7LY_000353.mp4,"child speech, kid speaking",speech
AfqKoBwIiJU_000030.mp4,"female speech, woman speaking",speech
FG0-y-b1Jb0_000030.mp4,playing accordion,music
8w1VbPScnEY_000030.mp4,"female speech, woman speaking",speech
GTB2CK8fX_c_000150.mp4,playing accordion,music
nqelBMLz9Po_000185.mp4,dog barking,others
UmktY7QuhZ0_000060.mp4,dog barking,others
iBKrHXwMTIg_000320.mp4,"child speech, kid speaking",speech
DsjUDAcaeA4_000030.mp4,"child speech, kid speaking",speech
vPCRZdcu9yA_000030.mp4,playing piano,music
al9TDjqIU7k_000030.mp4,playing accordion,music
Xv3fhXBlS1M_000074.mp4,"female speech, woman speaking",speech
QVvuFX4AS1E_000000.mp4,playing clarinet,music
VB-BlXIbtHg_000005.mp4,dog barking,others
9qozcEIG1uE_000030.mp4,"female speech, woman speaking",speech
rVu47WPWjyc_000000.mp4,"child speech, kid speaking",speech
JXBNGfDy2DY_000380.mp4,dog barking,others
pRQkghTD_mM_000068.mp4,playing clarinet,music
DZphQeY-WF0_000050.mp4,dog barking,others
BeY97QtvWQs_000030.mp4,"female speech, woman speaking",speech
J-rU5l41RYo_000180.mp4,"child speech, kid speaking",speech
vMMRuY8igwg_000030.mp4,playing accordion,music
0ulm4Jt--lQ_000030.mp4,playing piano,music
7LWQiR--fEo_000000.mp4,"child speech, kid speaking",speech
pQFYUW-lz9Y_000095.mp4,playing accordion,music
llpCU8z51PU_000030.mp4,playing accordion,music
iN3jUaGIa4c_000014.mp4,playing clarinet,music
Mv82OTjBJe4_000000.mp4,"child speech, kid speaking",speech
83u2vOHb52Y_000030.mp4,"female speech, woman speaking",speech
6pn1VjTGBho_000260.mp4,dog barking,others
SCk7hqhB_o0_000030.mp4,playing accordion,music
pUZrJoiqghg_000030.mp4,playing accordion,music
1RrMaovFW4g_000030.mp4,"female speech, woman speaking",speech
dSuI-Z-9efE_000120.mp4,thunder,others
2q2WoUlDN7Q_000030.mp4,playing clarinet,music
QXHZMFjSU70_000280.mp4,playing clarinet,music
EIy5p1Xdgxs_000030.mp4,dog barking,others
UPnFeMwOTnA_000010.mp4,dog barking,others
Og7NvEU0s20_000043.mp4,"child speech, kid speaking",speech
q_mlbVMb1iA_000010.mp4,playing piano,music
EtysT0Xx2qI_000007.mp4,dog barking,others
BzJcP1ZeC7s_000030.mp4,"male speech, man speaking",speech
FaonvWPSrDk_000030.mp4,playing piano,music
epk63lkjwh8_000020.mp4,"female speech, woman speaking",speech
oYS6jJdC0KI_000004.mp4,playing clarinet,music
cfh8Gq27tJ8_000030.mp4,playing accordion,music
UfOiTYy8Qz0_000086.mp4,playing clarinet,music
F6krynyibfs_000000.mp4,playing piano,music
qBFcb_MrkfM_000020.mp4,playing piano,music
DHvbAz3nJG4_000020.mp4,"child speech, kid speaking",speech
NJUpdi_cx1E_000270.mp4,"child speech, kid speaking",speech
66WeMS9xniE_000030.mp4,"male speech, man speaking",speech
8z6xxjvQfjk_000021.mp4,"male speech, man speaking",speech
QykT_ziL8xs_000000.mp4,dog barking,others
Ae-gCk2diwI_000220.mp4,"female speech, woman speaking",speech
AaXZwhWk3C0_000233.mp4,playing clarinet,music
FzMZQbzyQOs_000030.mp4,playing clarinet,music
xEVtUw-3CDc_000030.mp4,playing accordion,music
IS9Mx6Bqr_U_000240.mp4,playing piano,music
A5SM6QUqG8Y_000030.mp4,"male speech, man speaking",speech
qhe2uaej1Ek_000250.mp4,"female speech, woman speaking",speech
OnhUO9AboLI_000320.mp4,playing clarinet,music
oPX5xepVbzg_000030.mp4,dog barking,others
ZhBpATtRZzE_000187.mp4,playing clarinet,music
eU0JbdslUo4_000120.mp4,playing accordion,music
GIcrKO042fE_000180.mp4,"child speech, kid speaking",speech
9SE222v1eyM_000523.mp4,playing accordion,music
pIG_hDUihhs_000030.mp4,playing clarinet,music
0bz1ZlpTbOU_000060.mp4,"male speech, man speaking",speech
EjhkEqapObA_000117.mp4,playing accordion,music
lIZAoZ7K3Ww_000050.mp4,playing piano,music
Ay6sCuxbieE_000220.mp4,"child speech, kid speaking",speech
LNRC5gZVz1s_000000.mp4,playing accordion,music
0RzliHHKoHQ_000030.mp4,"male speech, man speaking",speech
gq9m8f9dBag_000340.mp4,"child speech, kid speaking",speech
T_IA8K7xK8g_000029.mp4,playing clarinet,music
cz1VcZwnoc0_000100.mp4,playing piano,music
-I9D8V2YNds_000424.mp4,playing clarinet,music
AgtciVcQW_k_000070.mp4,playing piano,music
Dis-uZjnUw0_000027.mp4,"female speech, woman speaking",speech
BYtqKds-Q4I_000080.mp4,playing accordion,music
CXZC7bNNA0s_000030.mp4,"male speech, man speaking",speech
KWW87Qvub7M_000070.mp4,"child speech, kid speaking",speech
fzXOua2MgT4_000010.mp4,dog barking,others
BBFhnzJeXN0_000030.mp4,"female speech, woman speaking",speech
m6PBJSI-HyI_000030.mp4,dog barking,others
bV5VbEBECeM_000020.mp4,dog barking,others
AtD9hdmuxIA_000030.mp4,"male speech, man speaking",speech
Bqqk2iB4Uq4_000018.mp4,dog barking,others
KogD-VZitXI_000030.mp4,"female speech, woman speaking",speech
numr0qZwUiE_000000.mp4,playing piano,music
4rSIgRMjMqo_000030.mp4,"female speech, woman speaking",speech
cquEaGC575Y_000400.mp4,playing clarinet,music
RBDxGKfVdRA_000020.mp4,playing piano,music
ZOBSCqb5FT8_000200.mp4,playing clarinet,music
DFWbz-4yhS8_000030.mp4,"female speech, woman speaking",speech
bFaN_qRG7Ns_000080.mp4,thunder,others
71o3hq6iSPM_000000.mp4,"female speech, woman speaking",speech
NRLdy7IuDgI_000330.mp4,playing accordion,music
RQFySnj-NbM_000067.mp4,playing clarinet,music
i8ltJjBhfjE_000000.mp4,"female speech, woman speaking",speech
q5DXfGeSO2Q_000111.mp4,dog barking,others
ehcrypcOKS8_000030.mp4,"male speech, man speaking",speech
1T-F-GRM4W4_000030.mp4,"female speech, woman speaking",speech
9EkRKvq8Cgo_000030.mp4,"male speech, man speaking",speech
8DNAcKSHGXI_000030.mp4,"child speech, kid speaking",speech
htEQYwNh7fc_000060.mp4,"female speech, woman speaking",speech
mP8PkfAG25s_000030.mp4,playing accordion,music
YMwh6AWuOrk_000030.mp4,"child speech, kid speaking",speech
QoBElOdk-Fk_000090.mp4,playing piano,music
8Ye6DwHm3Xk_000030.mp4,"male speech, man speaking",speech
DdA83LAyOHY_000030.mp4,"female speech, woman speaking",speech
3old2IAT-P0_000030.mp4,"male speech, man speaking",speech
rh7OV4m_shI_000030.mp4,playing accordion,music
35RMvLC3nAs_000050.mp4,playing clarinet,music
lMgKd0IqMqw_000100.mp4,dog barking,others
HXDDRQJp4Ac_000090.mp4,"child speech, kid speaking",speech
6NcwDOno-wo_000220.mp4,playing accordion,music
mHP2nCrBvuk_000070.mp4,playing piano,music
KNJCUmcwLYY_000050.mp4,playing accordion,music
_YWEVUSuG98_000034.mp4,playing clarinet,music
conqLHLW9pE_000290.mp4,dog barking,others
Cfl6CYZUzFQ_000040.mp4,playing clarinet,music
dwp_OFpv-Wg_000030.mp4,playing clarinet,music
O92OUAbHPEM_000000.mp4,"child speech, kid speaking",speech
3wSDhSz2Vso_000030.mp4,playing accordion,music
JVqTAIpcAD0_000010.mp4,dog barking,others
V1Rc1vKfjZE_000030.mp4,thunder,others
8zDAZPxfnhc_000030.mp4,"female speech, woman speaking",speech
GKvZYR0SKYY_000160.mp4,"child speech, kid speaking",speech
fKaMqsG4DXw_000180.mp4,playing piano,music
00eb49xIULo_000030.mp4,"female speech, woman speaking",speech
iEyP6Obvnro_000120.mp4,playing clarinet,music
Hf75QQI3gyM_000000.mp4,dog barking,others
TYdagS_lQmg_000220.mp4,playing accordion,music
4Cv1rA3TCuw_000021.mp4,thunder,others
2dtawTx7ROs_000030.mp4,"male speech, man speaking",speech
5WX1SKGjI_A_000030.mp4,"female speech, woman speaking",speech
hTHBs5Tv1m0_000019.mp4,playing accordion,music
iYfvGj9_ndc_000061.mp4,dog barking,others
wKzibne0RHI_000000.mp4,playing piano,music
lbUowsPwrio_000114.mp4,playing clarinet,music
vebIhA2FkeY_000000.mp4,"child speech, kid speaking",speech
4cziCvJUhtA_000030.mp4,"male speech, man speaking",speech
ikJOIP0IyOA_000010.mp4,dog barking,others
W115iCqwzSk_000340.mp4,"child speech, kid speaking",speech
6CT4WLbGmc4_000030.mp4,"female speech, woman speaking",speech
EjYXCFupPTU_000030.mp4,"female speech, woman speaking",speech
4UIr4h3zJPY_000030.mp4,"male speech, man speaking",speech
0lYCzxUKhsk_000030.mp4,"female speech, woman speaking",speech
79gZULA18OQ_000040.mp4,dog barking,others
MD78tY6cz2I_000022.mp4,dog barking,others
LztfMLwVo0Q_000220.mp4,playing clarinet,music
VxsdrQ7a5eg_000000.mp4,dog barking,others
5O8BDxtMyJA_000030.mp4,playing accordion,music
5LAOaLdSNk4_000030.mp4,playing clarinet,music
YcV5MCCM4yQ_000020.mp4,dog barking,others
4qYFfG3og0M_000010.mp4,dog barking,others
6aq4yj1iKBY_000030.mp4,"female speech, woman speaking",speech
EBa7F4BjXtI_000030.mp4,"male speech, man speaking",speech
cwblCNWMJYQ_000198.mp4,playing clarinet,music
-N7agmTO-Q4_000030.mp4,playing clarinet,music
PK83RuNIj1I_000050.mp4,"child speech, kid speaking",speech
6yr2vAWPwi4_000016.mp4,"female speech, woman speaking",speech
DTkZOdtLp5o_000020.mp4,playing piano,music
7xTqZLzrmmY_000030.mp4,"male speech, man speaking",speech
D9xC2UYr0fg_000060.mp4,"child speech, kid speaking",speech
7cGixW3Uf0w_000030.mp4,dog barking,others
CFrR2FlASfo_000220.mp4,playing accordion,music
0HoPGRKPtyg_000230.mp4,"female speech, woman speaking",speech
mlwutymyMyc_000100.mp4,playing accordion,music
sShpyu2l4YQ_000000.mp4,dog barking,others
31zKQhpoKo8_000030.mp4,"male speech, man speaking",speech
thmJ0MDX49w_000004.mp4,dog barking,others
5YYFt6GeimI_000170.mp4,"female speech, woman speaking",speech
Ognrype05OI_000440.mp4,"male speech, man speaking",speech
fO2HS7_fZb0_000026.mp4,dog barking,others
JhrBxChx_bs_000070.mp4,"female speech, woman speaking",speech
3gYRbbrETYY_000030.mp4,"male speech, man speaking",speech
2vN77gHhWAA_000010.mp4,"female speech, woman speaking",speech
7YvprjOEiVg_000070.mp4,"child speech, kid speaking",speech
BLbS5i0lOkI_000030.mp4,"male speech, man speaking",speech
sTf7AvwVJfE_000244.mp4,playing accordion,music
Mq1mXIs6Fmc_000380.mp4,"child speech, kid speaking",speech
FPRsJLplb4M_000170.mp4,"female speech, woman speaking",speech
lTwW8KEDrss_000040.mp4,playing piano,music
3jS8tWfLJxI_000090.mp4,dog barking,others
n-5ABJBpho8_000080.mp4,playing accordion,music
nm_0nZsuSVs_000030.mp4,playing accordion,music
XhkExVuGU8g_000040.mp4,"female speech, woman speaking",speech
Xj1Xj2NgcUc_000090.mp4,"female speech, woman speaking",speech
DDm-Lb8n1rs_000030.mp4,"male speech, man speaking",speech
-IBuHXmoSLY_000030.mp4,"male speech, man speaking",speech
VXfpu9duMmo_000260.mp4,playing piano,music
yhyscPOwfuY_000220.mp4,"child speech, kid speaking",speech
9mQAbFPb3ZQ_000030.mp4,"male speech, man speaking",speech
87vKZHkzgj8_000030.mp4,"female speech, woman speaking",speech
5f3sGN2jvoU_000272.mp4,playing piano,music
JaRDL6t0uR8_000030.mp4,playing clarinet,music
9tLkIda0ToU_000027.mp4,"male speech, man speaking",speech
ONKW4gO74-k_000000.mp4,"female speech, woman speaking",speech
iIjbSFukTXU_000077.mp4,playing clarinet,music
6uoo1laD1gU_000460.mp4,"male speech, man speaking",speech
kw8rJS7cE8U_000100.mp4,playing accordion,music
lnc8_4DWAbM_000290.mp4,playing piano,music
ZEsJaAD9SpE_000160.mp4,playing piano,music
Z2HTyBul1CI_000060.mp4,playing clarinet,music
9Esmg7iWyBA_000030.mp4,"female speech, woman speaking",speech
AExBY1NXtLQ_000000.mp4,playing accordion,music
BtT3BIZHMEU_000150.mp4,playing piano,music
7yPwXVxyBtE_000010.mp4,"child speech, kid speaking",speech
3H3s7jrzai4_000130.mp4,"child speech, kid speaking",speech
sKdmY3NQl4I_000460.mp4,thunder,others
_QXdYpKI9lQ_000230.mp4,playing piano,music
CiA2vMNYdTQ_000001.mp4,dog barking,others
IKOtjdmU89I_000030.mp4,playing accordion,music
45EiFeCQz8I_000030.mp4,"male speech, man speaking",speech
VlwX5g40d0U_000170.mp4,"child speech, kid speaking",speech
U50WSDIeJhw_000240.mp4,"male speech, man speaking",speech
VeMsGuJVSR0_000010.mp4,"child speech, kid speaking",speech
3V0QtWp9PGQ_000020.mp4,playing piano,music
89sfI6Dy2S8_000070.mp4,playing piano,music
G3Szo_Im5rs_000030.mp4,playing accordion,music
4QqEt_tmrtI_000420.mp4,"female speech, woman speaking",speech
J_vqEk4gWWY_000156.mp4,"female speech, woman speaking",speech
wMe-ttcfLeY_000020.mp4,playing clarinet,music
8rsdciKRbl4_000100.mp4,playing clarinet,music
apCY7qnajR8_000030.mp4,"male speech, man speaking",speech
axTjcZTgy6w_000316.mp4,playing clarinet,music
aBQ9m59MrWw_000040.mp4,dog barking,others
31zqGonKYR0_000028.mp4,dog barking,others
4yUvamNdrOc_000030.mp4,"male speech, man speaking",speech
pi_iJvFICtY_000130.mp4,playing piano,music
9lDjK5LZFag_000170.mp4,playing piano,music
Psxl22-iof0_000035.mp4,"child speech, kid speaking",speech
wkSUAZ5ZPyo_000030.mp4,thunder,others
pBb7Y0-KdBQ_000070.mp4,"child speech, kid speaking",speech
KWvC21AUmDU_000006.mp4,dog barking,others
tjsasTWAZAQ_000000.mp4,"female speech, woman speaking",speech
TVYhXqq4ACw_000024.mp4,dog barking,others
Pappo2xJhQQ_000030.mp4,playing accordion,music
wObNqnLg3es_000560.mp4,"female speech, woman speaking",speech
JeiPtNChMiE_000001.mp4,playing clarinet,music
Vg7ZEJ-VrhE_000430.mp4,"female speech, woman speaking",speech
oFt3lArWcnM_000000.mp4,"child speech, kid speaking",speech
8EKasgXxX7M_000080.mp4,playing clarinet,music
9Mws7peFOFg_000010.mp4,playing piano,music
menP-Vt8avg_000070.mp4,playing clarinet,music
H5h2Qv-_UUs_000140.mp4,"child speech, kid speaking",speech
I6HyEJloIZI_000090.mp4,"child speech, kid speaking",speech
WGp_KEeQNGw_000010.mp4,"child speech, kid speaking",speech
A1SCmq2k-es_000030.mp4,"male speech, man speaking",speech
mIBWsa8mEzQ_000010.mp4,playing accordion,music
kIcCsfjTbiM_000028.mp4,playing piano,music
nW-x55dg2Pw_000200.mp4,playing piano,music
6zXn51Fp_Co_000030.mp4,"female speech, woman speaking",speech
usTQhXue_uw_000060.mp4,playing clarinet,music
-Dqi6nNtnWI_000060.mp4,playing accordion,music
aFJ0gAXgZSE_000040.mp4,playing piano,music
65me0Xyv79c_000030.mp4,"female speech, woman speaking",speech
ASN2OZ5fbdY_000260.mp4,playing clarinet,music
yaxUTqnvbU4_000030.mp4,"male speech, man speaking",speech
p1SxYFWa0pc_000000.mp4,"male speech, man speaking",speech
KrB5IiP7wvs_000040.mp4,playing clarinet,music
HJ2oZVVyM4s_000510.mp4,playing clarinet,music
fsauYjH1ktU_000190.mp4,"child speech, kid speaking",speech
fDpyiEpIj_Y_000030.mp4,playing accordion,music
OR0SFVEfXgk_000129.mp4,playing piano,music
DTBJhSfEPJE_000030.mp4,"female speech, woman speaking",speech
SwCU72rDJFw_000079.mp4,playing clarinet,music
VZ77srRruw4_000510.mp4,thunder,others
3UGWppIS6eI_000030.mp4,"male speech, man speaking",speech
Nc6mmsvDTqM_000270.mp4,playing accordion,music
-6VFTlZsft4_000030.mp4,"male speech, man speaking",speech
NdiPXrwv9sI_000060.mp4,"female speech, woman speaking",speech
04wE0BVJm1s_000030.mp4,"male speech, man speaking",speech
2fdx5Ad69mE_000430.mp4,thunder,others
lH23JIB8hP4_000030.mp4,playing accordion,music
JYzentxQJik_000140.mp4,"child speech, kid speaking",speech
DByW9JuyRn8_000030.mp4,"male speech, man speaking",speech
3Z1aN7gfkNE_000477.mp4,playing clarinet,music
T3f3Y-eO7Bo_000030.mp4,thunder,others
ojERtGzRcmE_000160.mp4,"male speech, man speaking",speech
9CTWiy3_nmk_000050.mp4,"female speech, woman speaking",speech
8ZgEluDcg2o_000013.mp4,"male speech, man speaking",speech
IBYfAigv0hM_000030.mp4,"female speech, woman speaking",speech
755NKfTTkKo_000030.mp4,thunder,others
cMzERBmtlrs_000010.mp4,thunder,others
lRqQU_btwPc_000040.mp4,playing clarinet,music
uhoMycuZ8zw_000020.mp4,playing piano,music
1XO-VI3a0z8_000030.mp4,"female speech, woman speaking",speech
5z-8lQ4wcUU_000030.mp4,playing accordion,music
91rUkeDeOGE_000001.mp4,dog barking,others
K-S2Pcv6wDg_000010.mp4,"child speech, kid speaking",speech
J1U6rpGVtAM_000010.mp4,playing piano,music
9xKN6qXnDgY_000200.mp4,"male speech, man speaking",speech
JOvfPlZ_IkY_000460.mp4,playing piano,music
W5oXrz8dqBk_000030.mp4,playing piano,music
xvAh2ZhLEzc_000050.mp4,"child speech, kid speaking",speech
hT9jz1kiJSA_000000.mp4,playing clarinet,music
h-zm76Ev05Q_000001.mp4,playing accordion,music
oQ7xrLYXapg_000190.mp4,playing piano,music
z4zkk_C6PDo_000030.mp4,"female speech, woman speaking",speech
mOXa_eKJBFM_000021.mp4,playing clarinet,music
MQWpXS_hJgA_000070.mp4,playing piano,music
VK62-pLjc3c_000060.mp4,playing clarinet,music
AASpYn_EQS8_000000.mp4,dog barking,others
uwccU0K2sFI_000000.mp4,playing clarinet,music
MQvVXJubm5I_000030.mp4,"male speech, man speaking",speech
hmeuXPhcjH8_000080.mp4,"child speech, kid speaking",speech
VYvIP22IAks_000030.mp4,playing accordion,music
VBEDtE8m5Hw_000460.mp4,playing clarinet,music
UGwl5VOHuaw_000200.mp4,playing accordion,music
mM5izBf_6XQ_000030.mp4,"female speech, woman speaking",speech
GfxBey7p-CA_000090.mp4,playing accordion,music
LXcwP91nI0w_000090.mp4,"male speech, man speaking",speech
buVxw5Q5xv0_000030.mp4,playing accordion,music
qCg_qVSSEJI_000030.mp4,playing accordion,music
ZJ_fOu-Vwq4_000150.mp4,playing accordion,music
a4zojDI3hso_000060.mp4,playing clarinet,music
ZvLi9CpgSnY_000010.mp4,"female speech, woman speaking",speech
gpYP9KmpXJ8_000020.mp4,playing accordion,music
Aco6OjnsFR0_000028.mp4,"female speech, woman speaking",speech
x9ixRhe0uo4_000070.mp4,"child speech, kid speaking",speech
s5RnxMyjhfA_000023.mp4,playing clarinet,music
KEtet34gu4c_000040.mp4,dog barking,others
iDJhcZUF9Ls_000280.mp4,playing clarinet,music
9kMvsXtg2sY_000030.mp4,playing accordion,music
IviaEVKaE-Q_000180.mp4,playing clarinet,music
zhuY4-wrXho_000030.mp4,playing piano,music
9j4rnvavZF4_000370.mp4,"female speech, woman speaking",speech
kCXaiD4iNOo_000080.mp4,"child speech, kid speaking",speech
443rTNtiUsY_000000.mp4,dog barking,others
rJqKeIP2rUw_000030.mp4,"child speech, kid speaking",speech
heObG1ks1xQ_000060.mp4,playing accordion,music
pFhi1A36tN0_000150.mp4,playing piano,music
R9qCjtMMDRk_000070.mp4,playing clarinet,music
hUtvRhzGWjI_000011.mp4,playing clarinet,music
CbzPomBXoaU_000030.mp4,"male speech, man speaking",speech
07yI6BlVAA0_000030.mp4,"male speech, man speaking",speech
pevNHUuUadE_000030.mp4,"female speech, woman speaking",speech
LHSHfUKNoQ4_000000.mp4,playing piano,music
rdiizBYOyEQ_000515.mp4,playing clarinet,music
jFCfvfjAKjk_000140.mp4,"child speech, kid speaking",speech
hkGhQg1lkUs_000344.mp4,"child speech, kid speaking",speech
kqL8pAUyk6I_000280.mp4,playing accordion,music
Jbu2Gos1__Q_000040.mp4,playing accordion,music
lf6ikZIYHTw_000010.mp4,dog barking,others
UH8OQF7cCMw_000110.mp4,thunder,others
SCJndhiAf8g_000130.mp4,playing clarinet,music
-Ls9TLd17DY_000030.mp4,"male speech, man speaking",speech
TOD99v319vQ_000020.mp4,playing piano,music
WOm0X7Kwg90_000420.mp4,thunder,others
UC5QXZe-_xk_000000.mp4,playing clarinet,music
i86L3VY3NSg_000000.mp4,dog barking,others
eAPUr64ukLM_000160.mp4,playing clarinet,music
dHv6qfe6Kas_000100.mp4,playing piano,music
OfZ2xr-LY6I_000151.mp4,playing accordion,music
A1LXWbDIMVQ_000133.mp4,playing clarinet,music
UJsKS3-6vzk_000170.mp4,"female speech, woman speaking",speech
XtYbkd0ta7k_000020.mp4,"female speech, woman speaking",speech
bukJZ1FxymQ_000390.mp4,"male speech, man speaking",speech
OifHg_QQIAM_000071.mp4,playing clarinet,music
jubuuh9S8iw_000030.mp4,"child speech, kid speaking",speech
quWM2JxfeGI_000120.mp4,"child speech, kid speaking",speech
4zOYDrLVZzo_000030.mp4,"female speech, woman speaking",speech
dEeFFf487aE_000250.mp4,"female speech, woman speaking",speech
nKtGjo-9p4M_000030.mp4,playing accordion,music
bRPtC0v7j7s_000030.mp4,playing accordion,music
eOUPhu7OT4Q_000289.mp4,playing accordion,music
C1RyWddzn9w_000030.mp4,"child speech, kid speaking",speech
XaUziBs-55g_000030.mp4,playing accordion,music
zSwdX5fcV5A_000110.mp4,playing accordion,music
G6qSoQNrFaI_000030.mp4,playing clarinet,music
CYWt9k1oDmY_000030.mp4,"male speech, man speaking",speech
DYde9tzh2II_000030.mp4,"male speech, man speaking",speech
CchRf2jq6fc_000030.mp4,"female speech, woman speaking",speech
fBYMYe8JUss_000090.mp4,playing accordion,music
i3y_LpbS_b8_000006.mp4,dog barking,others
DbVlbIkEZ_k_000030.mp4,"male speech, man speaking",speech
xXMmjcw5wro_000340.mp4,thunder,others
6n5ArFx5JFw_000050.mp4,playing piano,music
ywK3OaJQbr0_000584.mp4,"female speech, woman speaking",speech
HdRiAojEdZQ_000250.mp4,"child speech, kid speaking",speech
v617yIscDCc_000070.mp4,dog barking,others
4cJTY4cHxk0_000030.mp4,"female speech, woman speaking",speech
-FlSh-N35M0_000030.mp4,playing piano,music
nQ1z3bXDN00_000100.mp4,playing accordion,music
CNxIeasZD74_000020.mp4,dog barking,others
x60Bj-Zm5wU_000020.mp4,playing accordion,music
fivHX77rMRw_000000.mp4,playing clarinet,music
EbM_Nq8JEgI_000030.mp4,"female speech, woman speaking",speech
7qGnnFWdgkQ_000020.mp4,"child speech, kid speaking",speech
t3X0wSN_MVg_000234.mp4,dog barking,others
RB9ZH3IXK2w_000350.mp4,"female speech, woman speaking",speech
s-UrXd6Ufr4_000130.mp4,playing clarinet,music
MCpmj5iJIsQ_000210.mp4,"child speech, kid speaking",speech
jcKY2w-6P0Y_000190.mp4,"child speech, kid speaking",speech
liGpB4wpav0_000021.mp4,playing piano,music
z3wX4IjC-m4_000040.mp4,playing clarinet,music
Oyf2M0a-1EE_000040.mp4,playing accordion,music
D7Rc62PWBRA_000320.mp4,"female speech, woman speaking",speech
0gE8cM6F7Mw_000030.mp4,"female speech, woman speaking",speech
rZ-2-XSKrf0_000060.mp4,playing clarinet,music
hewWv0Fw9UI_000070.mp4,"female speech, woman speaking",speech
46UJHrK007M_000030.mp4,"male speech, man speaking",speech
FPDDyRF7eSg_000030.mp4,playing clarinet,music
GxFZ0-vsq4U_000180.mp4,playing piano,music
CSIb3bYDuYI_000060.mp4,"female speech, woman speaking",speech
9mp3N8JqPk8_000030.mp4,"female speech, woman speaking",speech
YtihQlTSbGE_000110.mp4,"child speech, kid speaking",speech
2br6jJnonew_000030.mp4,"female speech, woman speaking",speech
DfuAQoBTGXc_000030.mp4,"male speech, man speaking",speech
2aUsiNodEM4_000041.mp4,dog barking,others
NWQo66prAHg_000030.mp4,playing accordion,music
rAnDHVCc4Ts_000092.mp4,playing accordion,music
PxuTrEIM7Zg_000070.mp4,playing clarinet,music
djwtgG9VFr0_000260.mp4,"female speech, woman speaking",speech
w5HY4DjOz8k_000090.mp4,playing clarinet,music
Fb1yUJr_cAE_000070.mp4,thunder,others
FktsFcooIG8_000939.mp4,"child speech, kid speaking",speech
_l5aj9nhvEg_000150.mp4,playing clarinet,music
BSDk4-dPbeA_000080.mp4,playing piano,music
TQllu5c4ejw_000470.mp4,"child speech, kid speaking",speech
-IpGWTs7ckQ_000010.mp4,thunder,others
Edg5hEUZ8jw_000190.mp4,"child speech, kid speaking",speech
hX4lepl1lxI_000000.mp4,thunder,others
a1IosQKnF-I_000126.mp4,playing clarinet,music
93zrUc2YJ2g_000190.mp4,playing piano,music
hBHyFeeyyDg_000000.mp4,playing accordion,music
Xvv24JqX23Y_000000.mp4,thunder,others
oDnaZa8IbFo_000029.mp4,"female speech, woman speaking",speech
eEzQPxLOl_Y_000210.mp4,"child speech, kid speaking",speech
gUZ2Slr4Tko_000122.mp4,playing clarinet,music
xfwBGrnj4Vs_000110.mp4,"child speech, kid speaking",speech
dONYIjG0RJY_000040.mp4,"child speech, kid speaking",speech
BuOhx-6m-EA_000030.mp4,"female speech, woman speaking",speech
c0qDmRE7baw_000590.mp4,playing clarinet,music
w6RX23fVz98_000000.mp4,"female speech, woman speaking",speech
4DnTadnNay8_000051.mp4,playing accordion,music
CnFNmem0Apo_000030.mp4,"male speech, man speaking",speech
zeezHBPQES0_000040.mp4,thunder,others
BxQAnIAJIVE_000030.mp4,playing accordion,music
D4W50EfAS8Q_000030.mp4,"female speech, woman speaking",speech
LqjueODAG5U_000010.mp4,"male speech, man speaking",speech
AIfGlUBy0KY_000010.mp4,playing accordion,music
ulrgCCh3sUw_009144.mp4,thunder,others
CW6dKG2JedI_000140.mp4,"child speech, kid speaking",speech
JRL0qWG_5F8_000030.mp4,"female speech, woman speaking",speech
h_AaexPNN8Y_000370.mp4,thunder,others
qSehRMmr17c_000060.mp4,playing accordion,music
4zoJQKnyJDw_000000.mp4,dog barking,others
C4JwGJQ2dUA_000030.mp4,"male speech, man speaking",speech
8Nk9P3eO4p0_000140.mp4,playing clarinet,music
bjcc0IaF0Is_000120.mp4,"child speech, kid speaking",speech
tSUHuIDOf1c_000480.mp4,playing piano,music
zo755-ct7ds_000100.mp4,dog barking,others
hzxF8tCEISg_000000.mp4,"child speech, kid speaking",speech
Td29n7zkyQ4_000126.mp4,"female speech, woman speaking",speech
L4-88JF6ppc_000040.mp4,playing piano,music
HdOeLKqorQU_000050.mp4,dog barking,others
gLzy50dRbA4_000110.mp4,playing accordion,music
MU1NcKt8O4w_000030.mp4,playing accordion,music
iAykQrBfy68_000032.mp4,playing clarinet,music
9K-DWvuXHI4_000030.mp4,"male speech, man speaking",speech
ly2hdkG0Eg0_000410.mp4,playing piano,music
toFMxTLZxHc_000090.mp4,playing piano,music
924x1XlkkBI_000050.mp4,playing accordion,music
yKUDql57gEs_000022.mp4,playing clarinet,music
9v2Ndn5Q7Lk_000030.mp4,"male speech, man speaking",speech
5n-3NttSylA_000030.mp4,"female speech, woman speaking",speech
2rRTUPQOOaM_000180.mp4,playing clarinet,music
9hUUPjrPJdU_000030.mp4,"male speech, man speaking",speech
RZ4EqkY8qFU_000040.mp4,playing piano,music
sJgwRO42fmo_000310.mp4,"child speech, kid speaking",speech
0aR6VpV7ymk_000030.mp4,"child speech, kid speaking",speech
6RQLX-EAkio_000030.mp4,"female speech, woman speaking",speech
EiMzATQ-1I0_000041.mp4,playing accordion,music
czxoVP9RYJk_000030.mp4,"male speech, man speaking",speech
AAtRr4-1O8E_000030.mp4,"male speech, man speaking",speech
DTBz0ljgQb4_000350.mp4,playing piano,music
WfFI1_H-IP0_000120.mp4,playing clarinet,music
CjeiumaSHmQ_000030.mp4,"male speech, man speaking",speech
J6nPAJ0bK2I_000350.mp4,playing piano,music
RqErGmpG1Bk_000000.mp4,"child speech, kid speaking",speech
6ef0YJdtoMI_000109.mp4,playing clarinet,music
AnO7mJEbiSM_000520.mp4,thunder,others
NYQ5Du2qDFI_000057.mp4,playing clarinet,music
ETQVt8auIsk_000030.mp4,"female speech, woman speaking",speech
xa9GEaedvis_000000.mp4,playing accordion,music
3ncqSfjo8U4_000000.mp4,playing piano,music
6bshsuLS6wA_000030.mp4,"male speech, man speaking",speech
4PLtKW3ugLo_000030.mp4,dog barking,others
EQ0kUMWbY4U_000360.mp4,playing clarinet,music
EIZrotpdxnc_000030.mp4,"male speech, man speaking",speech
jaNlGAmlUTg_000110.mp4,"female speech, woman speaking",speech
jqC_8UsJSns_000220.mp4,thunder,others
pAc14GuYAHE_000080.mp4,"child speech, kid speaking",speech
9W4tUPL7X3M_000310.mp4,playing clarinet,music
tXdImJkzAfU_000140.mp4,playing piano,music
3QR8_ZVk8G4_000160.mp4,dog barking,others
-SlN4B7PpvM_000420.mp4,"female speech, woman speaking",speech
d-Lrqdczwuw_000150.mp4,playing piano,music
-sXb-urx3Y0_000150.mp4,playing clarinet,music
BadxwJNUb0g_000052.mp4,playing clarinet,music
Zjan3KPG3vk_000004.mp4,thunder,others
Qr4Bk3zznf4_000455.mp4,playing clarinet,music
-ql9bQ_JBwo_000030.mp4,"male speech, man speaking",speech
XSnJ9clbDXc_000200.mp4,"child speech, kid speaking",speech
oMKS3KUZHUU_000030.mp4,playing accordion,music
907-8LnYCdc_000030.mp4,playing accordion,music
-0SQayvXyIQ_000110.mp4,"male speech, man speaking",speech
a0gSFSQ2vtA_000140.mp4,playing clarinet,music
1jOOISjonO0_000030.mp4,dog barking,others
Da48zrkaU3E_000370.mp4,dog barking,others
0PdZjLBCoh4_000270.mp4,"child speech, kid speaking",speech
R0IAI4e3Xfo_000340.mp4,"child speech, kid speaking",speech
lW0QgmrbbFM_000190.mp4,"child speech, kid speaking",speech
7cyyyDYqB78_000020.mp4,playing accordion,music
onK_t3ydBMc_000020.mp4,dog barking,others
vXVcaQVqMlA_000050.mp4,playing accordion,music
JgdVLwOD1to_000030.mp4,playing piano,music
E1QLxY-ubCo_000000.mp4,dog barking,others
qFhQcKnBd1g_000002.mp4,dog barking,others
axTjcZTgy6w_000287.mp4,playing clarinet,music
5cOn_nhtaX8_000030.mp4,"female speech, woman speaking",speech
E6H0xb0k7gU_000030.mp4,"male speech, man speaking",speech
QLrOiEC12Bc_000260.mp4,playing piano,music
f6FV7yMcPjA_000000.mp4,playing accordion,music
YDVCCkdd_3c_000020.mp4,thunder,others
uggjbqABDOE_000000.mp4,playing accordion,music
m98FfSHSK6I_000130.mp4,playing piano,music
qqlHAux_H00_000160.mp4,playing accordion,music
jAasVhATQ-8_000010.mp4,playing piano,music
AAMu9lrdOX8_000030.mp4,"male speech, man speaking",speech
xwj24LIppw0_000070.mp4,"child speech, kid speaking",speech
f8SLM41rOas_000030.mp4,playing accordion,music
ROaYj8o3Tic_000000.mp4,dog barking,others
skBkKnABzWs_000094.mp4,playing clarinet,music
14f16JUFaHo_000030.mp4,"male speech, man speaking",speech
NpH1HPuXU8k_000477.mp4,playing clarinet,music
MAgcWYun5eI_000410.mp4,playing piano,music
N4M4nFVftC4_000000.mp4,"child speech, kid speaking",speech
YT95WevlVG4_000130.mp4,"female speech, woman speaking",speech
vSw7uNVGUYQ_000030.mp4,playing accordion,music
pMmfFQirEy0_000110.mp4,"child speech, kid speaking",speech
A1JJ4281QUA_000030.mp4,"male speech, man speaking",speech
DJgNqEySfJI_000080.mp4,playing piano,music
F6AEBrF5-fg_000030.mp4,"male speech, man speaking",speech
lILhTfu9AMQ_000428.mp4,playing clarinet,music
c5nYE9kEul0_000030.mp4,dog barking,others
rn_cDJfkxSo_000060.mp4,"female speech, woman speaking",speech
UBiUQ2EboVA_000280.mp4,"female speech, woman speaking",speech
YhziNS22jUk_000020.mp4,"female speech, woman speaking",speech
Y4s8OZhG9Ts_000050.mp4,dog barking,others
2g1wL7tOGdA_000000.mp4,"child speech, kid speaking",speech
Mi4hO6goQq4_000000.mp4,playing piano,music
VECqcsoCYDY_000020.mp4,"child speech, kid speaking",speech
8XUTQBmq1tA_000030.mp4,"male speech, man speaking",speech
Tw99hPcrTW4_000030.mp4,playing accordion,music
cmnt4ZB76SU_000030.mp4,"male speech, man speaking",speech
j_avHl2NBA8_000280.mp4,"child speech, kid speaking",speech
H867X9MA2x4_000130.mp4,"child speech, kid speaking",speech
VTh0QaBTeI8_000060.mp4,playing accordion,music
pRkn8GNWlE8_000140.mp4,"child speech, kid speaking",speech
hvDg0j5JAwQ_000000.mp4,playing clarinet,music
DS_kzdgXoV4_000030.mp4,playing accordion,music
_T276ieWIac_000248.mp4,playing accordion,music
6catNT25RrU_000030.mp4,"male speech, man speaking",speech
u73dWFjJPVc_000033.mp4,playing clarinet,music
WiqlyOovw5A_000003.mp4,playing accordion,music
SXMb-n8VdcA_000010.mp4,"female speech, woman speaking",speech
XESGqjI1uQA_000050.mp4,"child speech, kid speaking",speech
-KgS-c5lGlE_000030.mp4,"female speech, woman speaking",speech
01EtjUk6KFw_000030.mp4,"male speech, man speaking",speech
AheE-eQjdjs_000060.mp4,"child speech, kid speaking",speech
0evPDhk7P-M_000380.mp4,"female speech, woman speaking",speech
MuJQF1bmlrs_000071.mp4,playing clarinet,music
IcVIt6e-LLE_000560.mp4,playing piano,music
vHjLKRrwC8o_000116.mp4,playing piano,music
YYqaGwN2epw_000115.mp4,dog barking,others
WK1k8EYMY6k_000030.mp4,playing piano,music
qIPQM9f4_0M_000110.mp4,"child speech, kid speaking",speech
eNhnS-E1c14_000010.mp4,playing piano,music
aEquszXMQ4c_000120.mp4,playing clarinet,music
BSGxnxqAO5w_000030.mp4,"female speech, woman speaking",speech
NGFdyci561A_000020.mp4,"child speech, kid speaking",speech
hH1MUZyJMsI_000160.mp4,"female speech, woman speaking",speech
UXwxI00WXws_000020.mp4,playing piano,music
ONrAey-SGsI_000320.mp4,playing clarinet,music
V8OL1ACddDw_000030.mp4,playing accordion,music
fpb7grq6Iqs_000070.mp4,playing accordion,music
3XU8WjwSfPw_000032.mp4,"child speech, kid speaking",speech
AQxKrqF2E14_000030.mp4,playing clarinet,music
ApIF8TB0AWs_000030.mp4,"male speech, man speaking",speech
6QKjfgNLSRA_000120.mp4,playing piano,music
_Eeqp8KWxV0_000060.mp4,"child speech, kid speaking",speech
2GQMtmYb6ko_000070.mp4,playing piano,music
n_FqNaRyUL0_000000.mp4,"child speech, kid speaking",speech
8d3VaeOz9qI_000030.mp4,thunder,others
rHA4R0p9iSY_000140.mp4,playing accordion,music
iPpCnerEc5c_000185.mp4,playing accordion,music
bvDTQbEVx78_000020.mp4,playing clarinet,music
UGuwKNiJsH8_000005.mp4,dog barking,others
eS0iWK2MoFA_000040.mp4,playing clarinet,music
jHDbuFOF_GA_000070.mp4,playing accordion,music
RqhxTnLyb7c_000000.mp4,playing piano,music
uMtnAHpGlhw_000150.mp4,"child speech, kid speaking",speech
QCOKHfSY2Uk_000060.mp4,dog barking,others
xVnbMB7cNbY_000020.mp4,"child speech, kid speaking",speech
p_vvuzn8DmQ_000310.mp4,"male speech, man speaking",speech
LxmjyHK5RMA_000014.mp4,"child speech, kid speaking",speech
86XtLYXaAEQ_000010.mp4,thunder,others
gpMWvDgf9ig_000360.mp4,"female speech, woman speaking",speech
10RQxUIBTBU_000030.mp4,"female speech, woman speaking",speech
r_c9JlAVFMI_000140.mp4,thunder,others
0UBsv0Pa2bw_000030.mp4,"female speech, woman speaking",speech
mZ8rvIIDEq4_000000.mp4,dog barking,others
TXBCCGJi3W0_000056.mp4,playing clarinet,music
kmh1R-scxnA_000070.mp4,dog barking,others
7HD80EUZEvs_000030.mp4,"female speech, woman speaking",speech
bR3Vsz2JXRs_000110.mp4,playing piano,music
55bGnVpdr9w_000030.mp4,"male speech, man speaking",speech
_Hjrm4yZ2Q8_000030.mp4,"male speech, man speaking",speech
2aUsiNodEM4_000031.mp4,dog barking,others
wLoHUpt1klc_000120.mp4,playing accordion,music
nsrJu2E0hUE_000019.mp4,"female speech, woman speaking",speech
-QmzOJHDwH8_000030.mp4,"male speech, man speaking",speech
mmUxB3e9cQ4_000140.mp4,"child speech, kid speaking",speech
xUKXab2x8WE_000080.mp4,"child speech, kid speaking",speech
73x8q51zzwg_000030.mp4,"female speech, woman speaking",speech
uHP64j9OKmo_000550.mp4,playing accordion,music
ENq8KlN9JOw_000020.mp4,dog barking,others
WKnueQouMaY_000234.mp4,playing accordion,music
3tAnG26HGu4_000150.mp4,playing accordion,music
6thKra7M8So_000030.mp4,"male speech, man speaking",speech
EtEpGDO1sjs_000030.mp4,playing accordion,music
5vtQxYY8Bm8_000000.mp4,playing piano,music
zPGLlehQApU_000490.mp4,thunder,others
i3XsHwr0wRI_000080.mp4,playing piano,music
K8kTdUPCIsk_000200.mp4,playing clarinet,music
8x033k_ysgk_000110.mp4,playing accordion,music
pp9aoGgAeUc_000160.mp4,playing piano,music
uVbpREJPp34_000030.mp4,"female speech, woman speaking",speech
w5M3gBo7JLw_000030.mp4,playing accordion,music
T1_XxeivcAg_000030.mp4,playing accordion,music
dY0A3BxdJLg_000272.mp4,playing clarinet,music
2RHtmlS-Ezc_000030.mp4,"male speech, man speaking",speech
CPJoCqYFZ6c_000030.mp4,"female speech, woman speaking",speech
5csYYtS7Pck_000020.mp4,dog barking,others
AaodGC2rvTI_000030.mp4,"female speech, woman speaking",speech
8qVLebSYqTM_000050.mp4,playing piano,music
zIA3rKGufGg_000010.mp4,"child speech, kid speaking",speech
zTnB9cIHwtY_000040.mp4,playing piano,music
jExAFSLuwOY_000300.mp4,playing piano,music
3lNRv1EVmj0_000030.mp4,"male speech, man speaking",speech
SbsiuNqysG4_000030.mp4,"male speech, man speaking",speech
kFQpqigIcOY_000210.mp4,"child speech, kid speaking",speech
HHm4fH6RNq4_000100.mp4,"child speech, kid speaking",speech
YISopDKuQ0k_000050.mp4,playing accordion,music
ERFb32Lz9tg_000030.mp4,"male speech, man speaking",speech
mz4DrrsTgG4_000030.mp4,playing accordion,music
nH1mI0Dvido_000030.mp4,playing accordion,music
TZGThc38Li4_000270.mp4,"male speech, man speaking",speech
E80dwoUTHks_000030.mp4,"male speech, man speaking",speech
3iaoX6cB6_k_000210.mp4,playing accordion,music
KO3AD_sr0Z8_000016.mp4,dog barking,others
yACr1W--FeI_000000.mp4,playing piano,music
YBM4aFP11fQ_000030.mp4,"male speech, man speaking",speech
lzLOI0oYgLM_000090.mp4,dog barking,others
6TSFDzGd3tE_000070.mp4,thunder,others
GPwVojrXdz8_000010.mp4,playing clarinet,music
BUo2O4Vgg7A_000030.mp4,"male speech, man speaking",speech
pYa-LrWt97Q_000300.mp4,playing piano,music
-XU4IWPlqOA_000460.mp4,"female speech, woman speaking",speech
gpJ-f3PGPOs_000010.mp4,playing piano,music
Mpr4Rq1VCm4_000000.mp4,dog barking,others
qgqhS2QjAbk_000360.mp4,playing piano,music
nECqGbE9_Gg_000074.mp4,playing clarinet,music
Wb-CjkC-q4c_000080.mp4,playing accordion,music
ATBeXOcKkKo_000030.mp4,"male speech, man speaking",speech
etdn0UDix1g_000050.mp4,playing piano,music
CJyJ6rnaAFk_000050.mp4,"female speech, woman speaking",speech
EsCAprPfpis_000030.mp4,playing accordion,music
Sa8a--uKDjs_000034.mp4,playing clarinet,music
Kkm-ifOnNHs_000011.mp4,playing clarinet,music
nfhUXGqdINo_000430.mp4,"male speech, man speaking",speech
7O7kTGlmo7E_000080.mp4,playing accordion,music
WogQK_ttMEw_000070.mp4,playing accordion,music
DAu-7TnQyGk_000030.mp4,"male speech, man speaking",speech
mZaZ2qtya90_000160.mp4,"child speech, kid speaking",speech
TDACBh4HMjQ_000010.mp4,playing clarinet,music
pV4K74dC_l0_000030.mp4,"female speech, woman speaking",speech
TBPPkOwBj3E_000040.mp4,dog barking,others
4x82135gCsk_000120.mp4,playing clarinet,music
UdVxd1A-5ko_000228.mp4,playing clarinet,music
C8T-uILPdWI_000150.mp4,"child speech, kid speaking",speech
B5YWKgECNi0_000030.mp4,"male speech, man speaking",speech
0eaOknT-OS8_000001.mp4,"female speech, woman speaking",speech
O87zTO-F6N8_000030.mp4,"child speech, kid speaking",speech
HDCD860vuPg_000220.mp4,"child speech, kid speaking",speech
59_oDK9NxPw_000030.mp4,"female speech, woman speaking",speech
SBpdFktH9VA_000220.mp4,"female speech, woman speaking",speech
AozUEZS5HHQ_000030.mp4,"male speech, man speaking",speech
qVB7GrS9MYY_000000.mp4,"child speech, kid speaking",speech
OY2SSWibN9E_000190.mp4,playing piano,music
hYZE-WwJVkc_000006.mp4,playing clarinet,music
C3Xw6JYakHo_000030.mp4,"female speech, woman speaking",speech
WfnUqMX9pZU_000020.mp4,"child speech, kid speaking",speech
BuVMWXBcwA4_000040.mp4,playing accordion,music
nECqGbE9_Gg_000137.mp4,playing clarinet,music
61I6R43l01Q_000270.mp4,playing clarinet,music
PeYv_osoj0g_000430.mp4,playing clarinet,music
qK7BhghkVNY_000030.mp4,playing piano,music
hzOZ-F4K5gE_000060.mp4,playing piano,music
C1RzzFZtbn0_000030.mp4,"male speech, man speaking",speech
wYGWGdURdgA_000000.mp4,thunder,others
-LCgWn1IOK4_000300.mp4,playing clarinet,music
BgmnIOiLalA_000180.mp4,"child speech, kid speaking",speech
IkrhEhranwI_000070.mp4,playing piano,music
Ao4ls4kFejw_000050.mp4,dog barking,others
2tasnlJcA08_000030.mp4,"male speech, man speaking",speech
k-UgSyVEhFg_000160.mp4,thunder,others
BBLhBWhRyRE_000160.mp4,playing accordion,music
2rOHn25sOHg_000030.mp4,"male speech, man speaking",speech
LBKORxskyEw_000030.mp4,playing clarinet,music
DqgMNrAhElo_000030.mp4,"female speech, woman speaking",speech
fQzJW4C89Is_000270.mp4,playing clarinet,music
Dd75c7jKack_000422.mp4,playing clarinet,music
UcB-6Qqv9b0_000010.mp4,playing clarinet,music
tJlwXHmT774_000050.mp4,playing clarinet,music
9j5vp1kID4o_000036.mp4,playing accordion,music
aH_xbzU6MDk_000190.mp4,playing clarinet,music
-hChcJAh5N0_000030.mp4,"male speech, man speaking",speech
8RLpXR5zbyU_000030.mp4,"male speech, man speaking",speech
06v_fvoL9u0_000030.mp4,playing clarinet,music
AwzNgwwFmxE_000150.mp4,"male speech, man speaking",speech
PtRwJ3HEnpA_000030.mp4,"child speech, kid speaking",speech
-YIYb7I1RRI_000004.mp4,dog barking,others
88kDGM1hpsY_000240.mp4,"male speech, man speaking",speech
BSWc3JZ1LRA_000030.mp4,playing piano,music
Pb6MqpdX5Jw_000040.mp4,thunder,others
xTqBYLL5V4A_000030.mp4,playing piano,music
qeLHCcbO86I_000010.mp4,"child speech, kid speaking",speech
B9JnaXOKtDc_000030.mp4,"male speech, man speaking",speech
JkBa3TGnFW8_000030.mp4,"female speech, woman speaking",speech
3Uobw6f6SnI_000130.mp4,playing piano,music
8SCQePNqyIk_000070.mp4,playing clarinet,music
UAhlbSpnpoA_000320.mp4,"female speech, woman speaking",speech
4AkpSsKPJ6o_000030.mp4,"male speech, man speaking",speech
3V19BOXDtfw_000030.mp4,playing accordion,music
AE1kJqHONdU_000030.mp4,"female speech, woman speaking",speech
zbR3iXSrUEQ_000040.mp4,"child speech, kid speaking",speech
wLFyfi4kqx4_000535.mp4,playing accordion,music
B797NNDGmE4_000370.mp4,"child speech, kid speaking",speech
OEOCe4bcOR0_000144.mp4,playing accordion,music
ZK-mdrlxd5Q_000340.mp4,playing piano,music
sHjGxcuxO2g_000170.mp4,playing accordion,music
V3n9WZ52o3I_000040.mp4,"child speech, kid speaking",speech
sGAsYBQ5XHM_000030.mp4,playing accordion,music
-1dApgfibc4_000000.mp4,"child speech, kid speaking",speech
AkMm3PbDlQk_000030.mp4,"male speech, man speaking",speech
CppYZAqFyZQ_000070.mp4,playing clarinet,music
LovjUadPj4M_000390.mp4,playing clarinet,music
zcX7z-03aLM_000006.mp4,dog barking,others
tN8TZ3sbPb8_000020.mp4,playing piano,music
BC4hHGLaUCI_000030.mp4,"male speech, man speaking",speech
DOi9a2IS0ws_000040.mp4,playing accordion,music
CgvayY6VPSM_000030.mp4,"male speech, man speaking",speech
UvKqEvklyyI_000010.mp4,"child speech, kid speaking",speech
dEvH2aKUPbI_000050.mp4,dog barking,others
EpMbfZdpWxY_000030.mp4,"male speech, man speaking",speech
q2FpAxZCWfA_000170.mp4,playing piano,music
6CB79qSX5oI_000030.mp4,"female speech, woman speaking",speech
SMQh5_vTk7k_000030.mp4,"female speech, woman speaking",speech
jimsBxG0_tM_000163.mp4,dog barking,others
zxvv9NC86uI_000030.mp4,"female speech, woman speaking",speech
ts87pmN3H38_000066.mp4,playing clarinet,music
BkuuaMmVPcI_000100.mp4,playing piano,music
oqKPNdntFFY_000040.mp4,"child speech, kid speaking",speech
1mbV40ytzck_000030.mp4,"male speech, man speaking",speech
ECqZ9PBFTS0_000020.mp4,"female speech, woman speaking",speech
kIQnzEqEUlo_000250.mp4,playing piano,music
cr286hPgqlU_000450.mp4,"male speech, man speaking",speech
ETRMThbrvJ0_000030.mp4,"male speech, man speaking",speech
KA5CQ5XhT94_000140.mp4,playing accordion,music
EEBvkZA_TRo_000030.mp4,"female speech, woman speaking",speech
BR8iVJ9SRAQ_000030.mp4,"male speech, man speaking",speech
5cP9UaLozmg_000000.mp4,dog barking,others
ho2trfBD204_000030.mp4,"child speech, kid speaking",speech
Xg3bzsrOGnQ_000530.mp4,"female speech, woman speaking",speech
ho-ssSGyDFM_000010.mp4,"child speech, kid speaking",speech
P_MlP2Q2L88_000030.mp4,playing accordion,music
_qjXdL1u8Xo_000091.mp4,playing accordion,music
U5WavwMZ2sc_000120.mp4,playing piano,music
OgglCLcEcWU_000040.mp4,dog barking,others
PoFq-kBh8M0_000180.mp4,"female speech, woman speaking",speech
BkbmMFIHemk_000030.mp4,"male speech, man speaking",speech
pkz0rojApas_000240.mp4,"male speech, man speaking",speech
zRt-rTiim8I_000070.mp4,"child speech, kid speaking",speech
G3vvDzAIWbY_000040.mp4,playing clarinet,music
_CWihP4HGg4_000170.mp4,"child speech, kid speaking",speech
Zx5zo1jK18U_000050.mp4,dog barking,others
OTRAK5JyZew_000016.mp4,playing clarinet,music
1v7ap1JYjZY_000090.mp4,playing clarinet,music
7D-IkBOqAB4_000160.mp4,playing piano,music
4dFp-kALXMw_000030.mp4,"female speech, woman speaking",speech
xU3mEC_C4_0_000000.mp4,playing accordion,music
VDEF-gcw58U_000030.mp4,"male speech, man speaking",speech
RSYSTyvbvwg_000040.mp4,"female speech, woman speaking",speech
58G0gYJfZ4I_000030.mp4,playing clarinet,music
rnFu9UrmEDw_000030.mp4,playing piano,music
qbEhpPxkIM8_000390.mp4,"female speech, woman speaking",speech
63Bp7wMQsY4_000030.mp4,"male speech, man speaking",speech
OqtQgoXHAkE_000040.mp4,playing accordion,music
QvUSQXsIUa0_000160.mp4,thunder,others
DCu5Ob61dRk_000002.mp4,dog barking,others
flByNqQVOHU_000020.mp4,playing piano,music
hiuqK7BZmJA_000110.mp4,"child speech, kid speaking",speech
z5Z1Hzn34SE_000050.mp4,playing piano,music
UOi_YMDgTiM_000000.mp4,"child speech, kid speaking",speech
BIy1bsz0E4o_000030.mp4,"female speech, woman speaking",speech
U91GN0zn5rs_000170.mp4,playing piano,music
BhIOsAHYFzk_000030.mp4,"male speech, man speaking",speech
d63H3NiGOA4_000030.mp4,playing accordion,music
2CNvgHpwD6w_000020.mp4,playing piano,music
uwccU0K2sFI_000001.mp4,playing clarinet,music
R-0AapiCYhY_000000.mp4,playing clarinet,music
9qXd_D7LDp8_000300.mp4,playing accordion,music
177a9Fdc4v8_000030.mp4,"male speech, man speaking",speech
RCPb6zSHIrc_000000.mp4,"female speech, woman speaking",speech
slnV_vl1o20_000043.mp4,playing accordion,music
YAzAPsRcO-I_000030.mp4,playing clarinet,music
5SzxDTVMEoY_000040.mp4,playing piano,music
qWQrsxGZeG4_000230.mp4,playing clarinet,music
AADVQbCFllM_000030.mp4,"male speech, man speaking",speech
qWYquBdyupk_000110.mp4,"female speech, woman speaking",speech
6W96lqvbuAs_000230.mp4,playing piano,music
0KdogsEtIIg_000030.mp4,"female speech, woman speaking",speech
s0opSNxeiSY_000100.mp4,thunder,others
jJg890D3C8k_000030.mp4,playing accordion,music
eZottcFH4p4_000134.mp4,playing clarinet,music
SR9oxnm66bY_000401.mp4,playing clarinet,music
A44folsg-Ec_000560.mp4,"female speech, woman speaking",speech
8Zh4i1sSgJo_000030.mp4,playing accordion,music
KuJ_lZWYi1s_000020.mp4,playing accordion,music
Z962mf2vTaM_000390.mp4,playing clarinet,music
ymmBT1gs8pM_000000.mp4,playing clarinet,music
d5PQXppMIXY_000470.mp4,"child speech, kid speaking",speech
_kjeVEhUsmg_000170.mp4,playing accordion,music
S5t6K9iwcdw_000168.mp4,"female speech, woman speaking",speech
niiQtWNJElk_000030.mp4,playing accordion,music
IXC6NHXltx0_000225.mp4,playing accordion,music
HKpQ85g0Tw8_000370.mp4,"female speech, woman speaking",speech
3I2UEw__d0k_000270.mp4,playing clarinet,music
BM1fw080pSs_000030.mp4,"female speech, woman speaking",speech
5Oys03EVrQ4_000030.mp4,"female speech, woman speaking",speech
9gguadDzdow_000030.mp4,"male speech, man speaking",speech
KuAEU9GyIAg_000280.mp4,"male speech, man speaking",speech
LCTc0wi1KY8_000060.mp4,"child speech, kid speaking",speech
08qMontPi-0_000000.mp4,"child speech, kid speaking",speech
vbm63TMpASk_000409.mp4,"female speech, woman speaking",speech
0bIb6Pjzk1g_000030.mp4,"female speech, woman speaking",speech
iBHC_Y5-Jrs_000030.mp4,playing accordion,music
y046Ewwm1Ng_000120.mp4,dog barking,others
ZPor2J2OPd8_000020.mp4,dog barking,others
3Ri3Jvh3lHE_000017.mp4,"female speech, woman speaking",speech
FZM29E2WwjE_000030.mp4,dog barking,others
L0lXx8f303k_000111.mp4,playing accordion,music
ay1Fs43VDvs_000040.mp4,"child speech, kid speaking",speech
0sDcxHtDueM_000000.mp4,"child speech, kid speaking",speech
DXrykPu_baA_000030.mp4,"female speech, woman speaking",speech
B5yjPZXzew4_000030.mp4,playing accordion,music
5wKq9Ki22ms_000030.mp4,"female speech, woman speaking",speech
-V7gqbL91lo_000030.mp4,"female speech, woman speaking",speech
EKN5xgNtwqg_000030.mp4,playing piano,music
BkUBuiWZo60_000024.mp4,"female speech, woman speaking",speech
AcT9cJEpDyk_000030.mp4,playing accordion,music
6Kcuq6rxXIk_000030.mp4,"male speech, man speaking",speech
JkimbayY6n4_000170.mp4,"male speech, man speaking",speech
7LDhGIQ0je0_000030.mp4,"male speech, man speaking",speech
fDSRbrz1hXA_000320.mp4,thunder,others
0XGHiumhpJk_000130.mp4,playing accordion,music
wqMoQkNqb3U_000000.mp4,dog barking,others
pjzTSy4dwvY_000000.mp4,dog barking,others
qx4DZ1q-FaU_000130.mp4,playing piano,music
Hy6SBVz1Nl0_000030.mp4,"female speech, woman speaking",speech
cJuWEvjeVX0_000120.mp4,playing piano,music
fpBK68SGZsQ_000078.mp4,playing clarinet,music
Y3-gYRwkCGI_000020.mp4,"child speech, kid speaking",speech
nXjxnr6zR-Q_000000.mp4,thunder,others
KkTwVZmkKIc_000130.mp4,playing clarinet,music
xM5kctsAJMQ_000020.mp4,playing clarinet,music
2FebVhmmuZo_000060.mp4,playing clarinet,music
UltebkdoOqE_000070.mp4,"child speech, kid speaking",speech
RqGuF1G32dI_000020.mp4,playing clarinet,music
oKKodznKUzg_000126.mp4,dog barking,others
XLS_KzDiLjY_000060.mp4,playing accordion,music
h9FgW_BqWAo_000530.mp4,dog barking,others
Q9UNIxrvxd4_000030.mp4,playing accordion,music
4StKI8HkzSo_000030.mp4,"female speech, woman speaking",speech
D_EAKy5qTso_000030.mp4,"male speech, man speaking",speech
bZNR_9K8FBw_000070.mp4,playing piano,music
HiosTOHR3Po_000006.mp4,"male speech, man speaking",speech
kV5k9LDhlc8_000080.mp4,dog barking,others
ZUEfsa5MScI_000237.mp4,playing clarinet,music
prerWP7U2Mk_000090.mp4,playing piano,music
3hu1RqDsfQY_000030.mp4,"female speech, woman speaking",speech
m-3rjeeFI7U_000030.mp4,"child speech, kid speaking",speech
_pvCVTApfJI_000290.mp4,playing piano,music
qsrNWdcjwwY_000320.mp4,"female speech, woman speaking",speech
FuyNyXBIq-U_000020.mp4,"child speech, kid speaking",speech
F5fvn8V0j-U_000030.mp4,playing piano,music
NCcI7lDBUKY_000120.mp4,"male speech, man speaking",speech
LoFJQ13Blzc_000080.mp4,"child speech, kid speaking",speech
MSGX3yfPfTw_000000.mp4,playing accordion,music
1j6Rmw7Tb9M_000030.mp4,"male speech, man speaking",speech
r9ZRok7U690_000420.mp4,"female speech, woman speaking",speech
BRCrFArdLUo_000030.mp4,"male speech, man speaking",speech
nf10xZJUNiA_000080.mp4,"child speech, kid speaking",speech
lkjn1llbgsc_000160.mp4,playing accordion,music
-elLA6vzAig_000030.mp4,"female speech, woman speaking",speech
fkgQEANyN9Q_000012.mp4,playing clarinet,music
N43y1ji4P9o_000060.mp4,"child speech, kid speaking",speech
zlL_aOhD_X0_000000.mp4,dog barking,others
Qz7m0d-8IuI_000230.mp4,playing clarinet,music
EsyH50y0YhE_000210.mp4,playing piano,music
KfMY57iKVRA_000103.mp4,playing clarinet,music
M18TbLVTgu0_000030.mp4,playing accordion,music
RK7JwiiFHek_000071.mp4,playing clarinet,music
qfz4Sb_5Sw4_000040.mp4,"child speech, kid speaking",speech
wULpNhY45jg_000020.mp4,playing piano,music
Xy-oNcuHqIo_000230.mp4,playing piano,music
O6z7cPRIHi4_000000.mp4,playing piano,music
cvXD-C-KrKk_000440.mp4,"child speech, kid speaking",speech
bXgOe8sANts_000030.mp4,playing accordion,music
DgXIiFMhPI0_000028.mp4,dog barking,others
hIk_XJskIFk_000080.mp4,playing accordion,music
tDQgcZdGA_s_000260.mp4,"child speech, kid speaking",speech
PE6UaH9OqSA_000250.mp4,playing clarinet,music
ro30uQScXXY_000190.mp4,playing clarinet,music
bucAIEo5Acc_000030.mp4,"child speech, kid speaking",speech
PTee0M-CjHc_000030.mp4,playing piano,music
91rUkeDeOGE_000089.mp4,dog barking,others
CnJkiXUYJaA_000030.mp4,"male speech, man speaking",speech
xCf8gZPSo6k_000280.mp4,playing clarinet,music
tk2TV_3iVKQ_000330.mp4,"female speech, woman speaking",speech
j-hyPaKjCAU_000030.mp4,playing accordion,music
Twt5UGl2Af4_000100.mp4,"child speech, kid speaking",speech
C2L62AO1vHk_000030.mp4,"male speech, man speaking",speech
yNsm2FhWazM_000030.mp4,"female speech, woman speaking",speech
k381Dt24Lac_000090.mp4,playing piano,music
aW6tqxD79us_000220.mp4,"child speech, kid speaking",speech
vPFCn3itBFE_000439.mp4,"female speech, woman speaking",speech
3H95BFbr-IY_000036.mp4,playing accordion,music
UHfuOcVa9cI_000030.mp4,dog barking,others
nUDbAFd3h20_000050.mp4,dog barking,others
5LIZehZ7yLI_000030.mp4,"female speech, woman speaking",speech
dt_t4GjZmQE_000310.mp4,"female speech, woman speaking",speech
rCQYqYFLHds_000030.mp4,playing accordion,music
_JWNFGmIgH4_000047.mp4,playing clarinet,music
lvuv8wdL_es_000270.mp4,"female speech, woman speaking",speech
7XlFyURMkjg_000140.mp4,playing clarinet,music
G2Qb6n6B8r0_000025.mp4,dog barking,others
W3Bz98gN42Y_000050.mp4,dog barking,others
OViXznx9KKo_000000.mp4,"child speech, kid speaking",speech
NOa9x-lj9K0_000140.mp4,playing piano,music
pPaDmdZgbN0_000090.mp4,playing clarinet,music
sgYW6Bx5QsI_000115.mp4,playing clarinet,music
4nVnNB8op10_000080.mp4,dog barking,others
XYviM5xevC8_000135.mp4,"child speech, kid speaking",speech
mjL6hXqvUpo_000092.mp4,playing clarinet,music
ipPm7WJa0us_000510.mp4,playing clarinet,music
g6-XIx0Yl_I_000030.mp4,dog barking,others
YNi6J4XbLRE_000030.mp4,"child speech, kid speaking",speech
LYEVb01GJJ0_000080.mp4,playing accordion,music
scsQZWWwxmY_000040.mp4,playing piano,music
3ceM1pnfc3Y_000024.mp4,"child speech, kid speaking",speech
URXtjriX2gU_000030.mp4,playing piano,music
VzkIyHr4ToY_000070.mp4,"female speech, woman speaking",speech
fuEuCwxyrs0_000150.mp4,playing piano,music
8zqkyuleZqc_000150.mp4,playing clarinet,music
8lRII63ywJk_000030.mp4,playing clarinet,music
rf840g7Nbvs_000270.mp4,"child speech, kid speaking",speech
Zxq99OoRhcc_000010.mp4,"child speech, kid speaking",speech
wLEmmpaLdgw_000090.mp4,"child speech, kid speaking",speech
4NV9qjhae3E_000030.mp4,"female speech, woman speaking",speech
6dgTPuCORww_000420.mp4,playing piano,music
zK_LfHxtwco_000130.mp4,thunder,others
kvx9jkU4r_8_000000.mp4,playing piano,music
DdZ6PSUQoQA_000050.mp4,"female speech, woman speaking",speech
lgqF59nPcnQ_000010.mp4,playing clarinet,music
zKS1GFJxYCw_000005.mp4,thunder,others
D-p8hBvgIGg_000030.mp4,"male speech, man speaking",speech
T7VA3eTaqs0_000190.mp4,playing piano,music
ch-8uFphP9E_000025.mp4,playing accordion,music
Mik2oE7zWXY_000020.mp4,"child speech, kid speaking",speech
9MIy64xih0c_000030.mp4,"female speech, woman speaking",speech
ACXtvZ97_iE_000030.mp4,"male speech, man speaking",speech
ofjRJQZF_vM_000040.mp4,"male speech, man speaking",speech
aAqj2sGn00E_001332.mp4,playing accordion,music
_lFcPAJBIoQ_000050.mp4,playing piano,music
7iiaZ9HM5UM_000030.mp4,"child speech, kid speaking",speech
lMJHT1ySsMk_000000.mp4,thunder,others
CAKLJuAn-TY_000030.mp4,"male speech, man speaking",speech
Gh8FpV8lsb4_000260.mp4,playing accordion,music
Vem0D4NYkM8_000280.mp4,thunder,others
C0-6xTzhsF0_000030.mp4,"female speech, woman speaking",speech
9u2BtGHa_0Y_000030.mp4,"female speech, woman speaking",speech
qgx4PVoTkFI_000000.mp4,playing clarinet,music
_t259gootxc_000190.mp4,"female speech, woman speaking",speech
eD6a_ujLcOU_000200.mp4,playing piano,music
KluTyewfZlo_000030.mp4,playing piano,music
G2einOSg8AE_000180.mp4,playing piano,music
uBb1_LVkVig_000030.mp4,playing accordion,music
0rCriaksbbg_000040.mp4,dog barking,others
mVQGK96u9Oo_000250.mp4,playing clarinet,music
mJCODaFjnZA_000220.mp4,playing clarinet,music
9KwUoRzHoaw_000030.mp4,"male speech, man speaking",speech
zeq4G754ROk_000280.mp4,"child speech, kid speaking",speech
RgIOsd6K1vA_000000.mp4,dog barking,others
1LzDdG0rn9o_000030.mp4,"female speech, woman speaking",speech
lFnBuSGy3EY_000010.mp4,playing accordion,music
m2vn7PEgAmo_000090.mp4,playing accordion,music
EYduTbnF4Jw_000030.mp4,"male speech, man speaking",speech
Wy9Nh9vVb4o_000000.mp4,playing clarinet,music
I6kM5lT04Zc_000080.mp4,"female speech, woman speaking",speech
FA0avnkqRV0_000040.mp4,"child speech, kid speaking",speech
hmIHImyvlsM_000131.mp4,playing accordion,music
ASC7WaRLQ00_000170.mp4,playing piano,music
OZ14CiqpJL8_000010.mp4,"child speech, kid speaking",speech
cRt6_axWZqY_000020.mp4,dog barking,others
N0HTebYu0dw_000450.mp4,"male speech, man speaking",speech
QUvqPgYC4U0_000340.mp4,"male speech, man speaking",speech
mO_SWl8TVrY_000290.mp4,"child speech, kid speaking",speech
-V6lKFFF1-s_000030.mp4,"female speech, woman speaking",speech
xgqnPa2HGoM_000010.mp4,"child speech, kid speaking",speech
TMpicXTzhYg_000164.mp4,playing clarinet,music
pFF3Xp8WW9A_000010.mp4,"child speech, kid speaking",speech
2_uzONq4Ed8_000030.mp4,"male speech, man speaking",speech
1QDOcfA2lqA_000030.mp4,"male speech, man speaking",speech
uWOc9Wb58gc_000030.mp4,playing clarinet,music
CExalGGnHYw_000030.mp4,"male speech, man speaking",speech
HjHEu6aovFw_000235.mp4,playing clarinet,music
31lfj0VEDR8_000030.mp4,"male speech, man speaking",speech
3pM6Qx3bvuw_000003.mp4,"child speech, kid speaking",speech
oKL9H8UWqjA_000030.mp4,playing clarinet,music
A1qnBfnXb0s_000010.mp4,thunder,others
3gulS7rVSJY_000030.mp4,"male speech, man speaking",speech
sBgdHOMUmEE_000400.mp4,playing piano,music
BBh2ZczzMiE_000310.mp4,"female speech, woman speaking",speech
Y3adnctCZoQ_000030.mp4,playing accordion,music
JfnGBswrXWw_000190.mp4,playing accordion,music
JyHaRCMbx6A_000010.mp4,playing piano,music
7AoGkQLe3xc_000020.mp4,"child speech, kid speaking",speech
zxJULPg6YZo_000140.mp4,playing piano,music
0UGEPNFwt70_000030.mp4,"male speech, man speaking",speech
RUNozQyH5_A_000017.mp4,dog barking,others
AcOqdSZocT8_000178.mp4,dog barking,others
-hhnpLxJsfI_000330.mp4,"child speech, kid speaking",speech
-W6_L80DDEo_000090.mp4,"female speech, woman speaking",speech
B5g9Nb_ydg0_000038.mp4,playing accordion,music
ZexoujYHiOI_000020.mp4,playing piano,music
a4Tcm9GB_w0_000977.mp4,"female speech, woman speaking",speech
EBGWeYbdmy4_000003.mp4,dog barking,others
chTlNzQvTDE_000110.mp4,playing clarinet,music
43lA2XjrEkE_000370.mp4,playing accordion,music
uC_Rpprzl-A_000070.mp4,playing piano,music
g1PsojqmUq8_000030.mp4,playing accordion,music
L711Cx131fU_000059.mp4,dog barking,others
auT7PCPDGCA_000003.mp4,playing accordion,music
zVUoNqkEtQw_000050.mp4,playing clarinet,music
sFZe0w0BNJs_000020.mp4,playing accordion,music
4mX4RuO8cZw_000110.mp4,"child speech, kid speaking",speech
ltp4sXDS8e4_000080.mp4,playing accordion,music
V9_q-4lBI9s_000129.mp4,"female speech, woman speaking",speech
ewg7tWSY1R8_000070.mp4,playing clarinet,music
B0L0fX1jQY8_000030.mp4,dog barking,others
2v2TfV1MpIU_000110.mp4,"female speech, woman speaking",speech
5Wuqq0mRBtg_000030.mp4,"male speech, man speaking",speech
AG5VSByee5Y_000030.mp4,"male speech, man speaking",speech
1XBz00U_pv0_000180.mp4,playing piano,music
DWjrhCewhCg_000030.mp4,"male speech, man speaking",speech
jn6o745ZFRA_000019.mp4,"female speech, woman speaking",speech
O91wXQYq8G8_000010.mp4,"child speech, kid speaking",speech
FY7gwVCnOS4_000024.mp4,dog barking,others
9Uv-3xfzIUM_000100.mp4,playing piano,music
YcthIFrLQC8_000410.mp4,"child speech, kid speaking",speech
ScDVZRP2ewE_000024.mp4,"child speech, kid speaking",speech
kDMiCM__CnE_000000.mp4,playing accordion,music
-xIQ2G2zWfc_000380.mp4,playing piano,music
rLyoAU85JJU_000030.mp4,"female speech, woman speaking",speech
JrRnP4q4vE0_000037.mp4,playing accordion,music
59S4RkV-T10_000050.mp4,playing clarinet,music
4J0f9F1krM0_000030.mp4,"female speech, woman speaking",speech
bvDTQbEVx78_000052.mp4,playing clarinet,music
PuMYjJFzmHo_000310.mp4,"female speech, woman speaking",speech
AtIAe_Syb0s_000030.mp4,"male speech, man speaking",speech
5ntShu2_a-w_000410.mp4,"child speech, kid speaking",speech
e_Uk4Go1WB4_000326.mp4,playing clarinet,music
7hnA4gnP46E_000030.mp4,playing piano,music
EAplBw-doD0_000032.mp4,dog barking,others
CwrODyb20uw_000140.mp4,playing clarinet,music
8fIq-Mteepc_000030.mp4,playing accordion,music
3oOSGA7HG6s_000040.mp4,playing piano,music
skBkKnABzWs_000000.mp4,playing clarinet,music
0N6gnIMx31c_000030.mp4,"female speech, woman speaking",speech
Pvpvs-ARCpU_000022.mp4,playing accordion,music
-AWN7tSV9R4_000030.mp4,"male speech, man speaking",speech
vMFYaPFUjC0_000010.mp4,dog barking,others
HmfCGoJGMiY_000160.mp4,playing piano,music
fTIilclbyDQ_000030.mp4,"male speech, man speaking",speech
-YakLAKrO8c_000080.mp4,"child speech, kid speaking",speech
yXBOEAqb-5w_000110.mp4,playing clarinet,music
C16UZ5se1QU_000050.mp4,"female speech, woman speaking",speech
HKbkJd6I62o_000170.mp4,playing piano,music
wo7mvAOc6qE_000020.mp4,playing accordion,music
o6e_kxzGfvI_000000.mp4,dog barking,others
4zF-37eEX7A_000030.mp4,"female speech, woman speaking",speech
KivU5_ghnTM_000000.mp4,thunder,others
9lK8Uthw0W8_000030.mp4,playing piano,music
FfgD39OqdG8_000190.mp4,"male speech, man speaking",speech
KRxV6MHG4ss_000020.mp4,"child speech, kid speaking",speech
SAcKKOYUaIs_000346.mp4,"child speech, kid speaking",speech
FOTk7wukpBw_000090.mp4,"male speech, man speaking",speech
iSjUhjjj_Y4_000010.mp4,"child speech, kid speaking",speech
0EFNlHiFGmM_000060.mp4,playing accordion,music
Qxq_2BfQtyg_000010.mp4,"child speech, kid speaking",speech
ZF2hG7kEO3Y_000120.mp4,playing clarinet,music
Lm0Asv1-is4_000120.mp4,"female speech, woman speaking",speech
UvfAeTHhGvU_000370.mp4,"female speech, woman speaking",speech
A6uEmnmuvEo_000030.mp4,"female speech, woman speaking",speech
4izwBJEV0qA_000040.mp4,dog barking,others
EkjjtN6iuLo_000030.mp4,"male speech, man speaking",speech
DVsbEC8MgLk_000000.mp4,"child speech, kid speaking",speech
CBtvVKAONgw_000030.mp4,"female speech, woman speaking",speech
09wYHMyHW_k_000050.mp4,"female speech, woman speaking",speech
toDDCvIk9kM_000090.mp4,playing piano,music
Mt9IITX_QZI_000060.mp4,"child speech, kid speaking",speech
DtXUVQpet7k_000030.mp4,"male speech, man speaking",speech
3mDLesrGtf0_000030.mp4,"female speech, woman speaking",speech
G4LbWF8iYiA_000286.mp4,"female speech, woman speaking",speech
21cuxerogvY_000020.mp4,"child speech, kid speaking",speech
OAbGOWPqOJ4_000100.mp4,"child speech, kid speaking",speech
lb3UhTZVELo_000100.mp4,"child speech, kid speaking",speech
d2ZNxSDpPSc_000000.mp4,playing accordion,music
p9FG-5wLId8_000080.mp4,"female speech, woman speaking",speech
7Jz094NRn2s_000020.mp4,playing piano,music
U8ZlYT6s97M_000030.mp4,playing clarinet,music
ttBvFm-dWbQ_000020.mp4,dog barking,others
mDw1ZY_CohM_000010.mp4,dog barking,others
nsAq-JxluKo_000010.mp4,playing piano,music
rCKxsIQ03hI_000050.mp4,playing piano,music
1WYMOua6Bj4_000080.mp4,thunder,others
bzDY2asV0mc_000080.mp4,"male speech, man speaking",speech
uQLXSdLU5Zs_000380.mp4,"female speech, woman speaking",speech
8wF24G-ePdI_000030.mp4,"male speech, man speaking",speech
UVIw_jxGCyg_000040.mp4,playing piano,music
-ukqIV-MwGA_000030.mp4,"female speech, woman speaking",speech
_lY6dwphNn4_000030.mp4,playing clarinet,music
BEIVY6qqbGo_000030.mp4,"male speech, man speaking",speech
ep6z0vx8nC0_000030.mp4,playing clarinet,music
owAM0kTGZq4_000000.mp4,dog barking,others
0rlYF9iexD0_000030.mp4,"male speech, man speaking",speech
bw3GIZLj6kM_000000.mp4,playing piano,music
WX7J_ab3KX0_000000.mp4,playing accordion,music
CxkXUBOBY_A_000030.mp4,"male speech, man speaking",speech
2S5nRkhDT9M_000240.mp4,playing accordion,music
TF9PrL1FDxg_000060.mp4,playing piano,music
khmv__orQr8_000070.mp4,"child speech, kid speaking",speech
8ajXmQkaJXs_000030.mp4,playing piano,music
MEtdxR3RdEA_000180.mp4,playing piano,music
8NFhSFd57Z8_000030.mp4,"male speech, man speaking",speech
xyHYEzFe4Q4_000030.mp4,playing piano,music
BrWulfu1gZQ_000030.mp4,"male speech, man speaking",speech
6Flj55tSIQE_000090.mp4,dog barking,others
U4RtdYfqBQs_000090.mp4,"child speech, kid speaking",speech
ZXdJRUaIXq4_000008.mp4,dog barking,others
5OjbMgvwJCg_000001.mp4,dog barking,others
MEGvX4JYTsA_000010.mp4,"male speech, man speaking",speech
DSPokyX3KJc_000060.mp4,"female speech, woman speaking",speech
42LpCZPxqtg_000030.mp4,"male speech, man speaking",speech
Uml2lokoxbk_000000.mp4,playing piano,music
oALNTALvUm0_000190.mp4,playing piano,music
3IwrdCYJdzY_000000.mp4,"female speech, woman speaking",speech
CLQQi1M2feM_000030.mp4,"male speech, man speaking",speech
dLFq1bqbQww_000000.mp4,"child speech, kid speaking",speech
kzhkb5jotJE_000114.mp4,"female speech, woman speaking",speech
X21TkBnm7Rg_000136.mp4,playing accordion,music
1fGD-4IegBg_000037.mp4,"female speech, woman speaking",speech
4S4HAUntfRY_000030.mp4,"male speech, man speaking",speech
9QHY2eTQqww_000090.mp4,playing accordion,music
pq0a0quDrBk_000090.mp4,"child speech, kid speaking",speech
4W5FaKdE4Ow_000200.mp4,"female speech, woman speaking",speech
ZPIZnA_U-IA_000150.mp4,playing piano,music
cKcNyfXbQzQ_000439.mp4,"child speech, kid speaking",speech
NfBLIjVXkB4_000494.mp4,"child speech, kid speaking",speech
JBW3_d5Z0MI_000450.mp4,playing clarinet,music
3LKAtzqEfLs_000040.mp4,"female speech, woman speaking",speech
7XJWQbBWmQg_000000.mp4,dog barking,others
V16HOxmLe3k_000136.mp4,playing accordion,music
FOid23PpHKQ_000070.mp4,thunder,others
3EWX2KgHm1Q_000050.mp4,playing clarinet,music
ipO62mI7oe4_000033.mp4,playing accordion,music
_k3cBniIaAU_000428.mp4,playing accordion,music
os6kT2tbdSI_000000.mp4,playing clarinet,music
l_SEPV8JB1U_000010.mp4,dog barking,others
7A_qWk67Bs4_000030.mp4,"male speech, man speaking",speech
pXFZduavsH0_000016.mp4,playing piano,music
UpBSWT-AECE_000010.mp4,"child speech, kid speaking",speech
8kj2Wkvt-N4_000030.mp4,playing accordion,music
R6F_KZEKcAU_000080.mp4,"female speech, woman speaking",speech
pcrdbSE9MKQ_000022.mp4,playing clarinet,music
aezIOAga5V8_000070.mp4,"child speech, kid speaking",speech
okou0RU-mLE_000060.mp4,playing clarinet,music
w_467jfkgbI_000047.mp4,playing clarinet,music
-ILeaRxsdgA_000030.mp4,"male speech, man speaking",speech
DOJzlLbBLqo_000030.mp4,"child speech, kid speaking",speech
4FsDBTya8vM_000030.mp4,"male speech, man speaking",speech
NHr-u2VKyQA_000080.mp4,playing piano,music
oxs2NCAPmnA_000050.mp4,"child speech, kid speaking",speech
gDzdIVb_f6Q_000020.mp4,"child speech, kid speaking",speech
J7GIEpmjtRs_000060.mp4,playing piano,music
mswwtU3T6eM_000030.mp4,thunder,others
MD78tY6cz2I_000033.mp4,dog barking,others
lN0p7bHwA9g_000132.mp4,playing accordion,music
-j6DN6_SRtg_000030.mp4,"male speech, man speaking",speech
wHzDx974woY_000250.mp4,playing clarinet,music
Fyk08ud6ov4_000030.mp4,"male speech, man speaking",speech
kCxfzSlIu8c_000000.mp4,"male speech, man speaking",speech
84hExVbYonU_000030.mp4,"female speech, woman speaking",speech
BMVPkyRugLA_000130.mp4,playing piano,music
OHT8bZkVxiY_000040.mp4,playing piano,music
eZpWgZkb-G8_000080.mp4,playing accordion,music
-jc0RWAooVI_000000.mp4,dog barking,others
6NDqN9xHv_s_000030.mp4,"female speech, woman speaking",speech
kCEavMgHOP8_000000.mp4,playing accordion,music
3tLTV80gQbY_000030.mp4,"male speech, man speaking",speech
NbbtJwZwJv0_000060.mp4,playing piano,music
6Z1hiWQnDiM_000030.mp4,playing piano,music
ki8ZolLqS8o_000010.mp4,playing piano,music
0eeiRpeMjcQ_000030.mp4,"male speech, man speaking",speech
5Xr5LN-179s_000030.mp4,"male speech, man speaking",speech
T6PnyOxdsu0_000060.mp4,playing accordion,music
tMSBMT-qvfk_000000.mp4,thunder,others
8Y6QnOkCmUY_000120.mp4,playing accordion,music
oYkaBFH58wU_000080.mp4,"child speech, kid speaking",speech
za5H1KFJDxQ_000030.mp4,playing clarinet,music
EBHLcDyCEqI_000046.mp4,playing clarinet,music
SCBSSnqQz98_000120.mp4,"female speech, woman speaking",speech
6F2SSNukGrI_000030.mp4,"female speech, woman speaking",speech
0zH6iodRJG4_000260.mp4,"child speech, kid speaking",speech
dJIfXN1nw6Q_000193.mp4,playing clarinet,music
4Pu8OY7mrm8_000120.mp4,"child speech, kid speaking",speech
7wQpgChzfaY_000030.mp4,"female speech, woman speaking",speech
KkFZxxE6vvI_000030.mp4,playing clarinet,music
WvKORw715cQ_000066.mp4,playing clarinet,music
0rOymB-hgC4_000030.mp4,"female speech, woman speaking",speech
jxtKqWOHMaQ_000010.mp4,dog barking,others
fdDdhBENG28_000010.mp4,"child speech, kid speaking",speech
elYlu5ZmgZA_000290.mp4,"female speech, woman speaking",speech
qO34YA4O8Fc_000060.mp4,playing accordion,music
e5JMq9-qTxs_000000.mp4,"child speech, kid speaking",speech
Cix84UGPu0c_000030.mp4,"male speech, man speaking",speech
uLak7l1YG0s_000330.mp4,"child speech, kid speaking",speech
2bAYEFawJZs_000030.mp4,playing piano,music
SLcBc1uVLxA_000570.mp4,"female speech, woman speaking",speech
p7rPHVkcRLI_000026.mp4,playing piano,music
PST4CTbdUxw_000100.mp4,playing piano,music
DsQL-Z6za0k_000030.mp4,"male speech, man speaking",speech
C3DGILiG2TM_000180.mp4,playing piano,music
Y0lwbi0FzgY_000190.mp4,playing piano,music
1oH-wBFq1W4_000020.mp4,playing accordion,music
PU_gp2z00qU_000020.mp4,dog barking,others
2a9nwT91Cuo_000030.mp4,"male speech, man speaking",speech
8tJsNYnYfbg_000030.mp4,playing accordion,music
-Qo6QJo_tJA_000030.mp4,"female speech, woman speaking",speech
xybPz039ejs_000050.mp4,playing piano,music
cQUSJT8WTf0_000170.mp4,"child speech, kid speaking",speech
3NYAAJUIBHg_000030.mp4,"female speech, woman speaking",speech
67H_n0iHoeU_000030.mp4,"female speech, woman speaking",speech
C157YGbt3P4_000040.mp4,"male speech, man speaking",speech
R37ytuqBoFQ_000090.mp4,"child speech, kid speaking",speech
ijTf9dtXB4I_000056.mp4,playing accordion,music
5DKE78Xc_7I_000030.mp4,"male speech, man speaking",speech
aJnWxozj9k8_000320.mp4,playing piano,music
1U0RE4t9w3Y_000220.mp4,playing clarinet,music
7_1hENoFuyg_000030.mp4,"male speech, man speaking",speech
79rEAubs9VM_000030.mp4,"male speech, man speaking",speech
C6003xrC3CE_000080.mp4,playing clarinet,music
Nw1YZuIbM6Q_000350.mp4,playing piano,music
GvFiCau5qW4_000320.mp4,"child speech, kid speaking",speech
MkJuGDph-1k_000070.mp4,dog barking,others
pmFX22vnRmM_000170.mp4,"child speech, kid speaking",speech
J0JRlbWg1kw_000010.mp4,playing clarinet,music
HJtOIx6GDwE_000000.mp4,playing piano,music
8WyHwWtWF1k_000050.mp4,thunder,others
4tNWjh4s2qQ_000038.mp4,playing clarinet,music
oO3DVF3sXfM_000013.mp4,"female speech, woman speaking",speech
5B0vOqiBItI_000030.mp4,"male speech, man speaking",speech
Kj4wn-dekjU_000500.mp4,"female speech, woman speaking",speech
cZsQXljAHyY_000070.mp4,"child speech, kid speaking",speech
2Ol8WFWH3_c_000423.mp4,playing piano,music
6fo1MiQB-wM_000030.mp4,"male speech, man speaking",speech
qlU2iVLdUO0_000080.mp4,playing piano,music
9l3C_u_pQTc_000000.mp4,playing piano,music
CKnzVP_MPrk_000030.mp4,"female speech, woman speaking",speech
bRWjGJzNfqE_000030.mp4,"female speech, woman speaking",speech
DvWIsx72Igo_000030.mp4,"child speech, kid speaking",speech
SDPyjCWF0C8_000150.mp4,playing clarinet,music
J0wh3x9zDN8_000160.mp4,playing clarinet,music
EDv8QFRkL_Y_000030.mp4,"female speech, woman speaking",speech
ts87pmN3H38_000201.mp4,playing clarinet,music
DnzsQDFt3Ik_000184.mp4,dog barking,others
DOb3cd0MYzs_000519.mp4,playing accordion,music
m5moFLvArTE_000030.mp4,playing piano,music
hneQn6p0klA_000210.mp4,"female speech, woman speaking",speech
ax4dfvT9hEA_000069.mp4,playing clarinet,music
BTdIM1mncyA_000030.mp4,"female speech, woman speaking",speech
2f4s67hUx1Q_000110.mp4,"female speech, woman speaking",speech
l_yQRqBHswg_000050.mp4,playing accordion,music
81I8uGF-Lxk_000030.mp4,"male speech, man speaking",speech
YDsPLvuwr3Y_000030.mp4,dog barking,others
cHHaHsKvxSA_000140.mp4,"child speech, kid speaking",speech
j4Y4JZdJQlw_000005.mp4,playing accordion,music
cP7tvSry4wc_000010.mp4,"male speech, man speaking",speech
f_S9-xEl_Zo_000060.mp4,playing clarinet,music
-wJ_UfBsiR0_000280.mp4,playing accordion,music
0jJ92N6nrdY_000013.mp4,playing clarinet,music
aPMtVspavDo_000010.mp4,thunder,others
2MGt89ZJCLY_000450.mp4,playing piano,music
InuTpES-g5Y_000050.mp4,playing piano,music
iYSClo5N_fE_000090.mp4,playing clarinet,music
TXBLm1FLeMo_000090.mp4,"child speech, kid speaking",speech
sfrT1SAfdlI_000210.mp4,playing piano,music
_ovFsqbWmpQ_000040.mp4,playing piano,music
AaDjdtpPs-0_000040.mp4,playing piano,music
AYG_iDvq0s8_000330.mp4,playing clarinet,music
jHfVGMKwXPQ_000210.mp4,playing piano,music
6WHp_E4I9_M_000030.mp4,"male speech, man speaking",speech
ebQr-rq1dCY_000090.mp4,playing clarinet,music
59S4RkV-T10_000034.mp4,playing clarinet,music
I5YN1h1UFSM_000200.mp4,playing accordion,music
lSCfgmzVLxs_000040.mp4,playing piano,music
rgeNP5nGQek_000200.mp4,dog barking,others
KfCBT0XvTPw_000030.mp4,dog barking,others
_MdwGoJiOZ0_000060.mp4,playing accordion,music
qazXyH708ek_000000.mp4,playing piano,music
JNfFI9xHIvU_000030.mp4,"child speech, kid speaking",speech
0BdQPL4sZvQ_000020.mp4,playing piano,music
Tq2cNOnZ0Eo_000030.mp4,playing accordion,music
oKChPFtrxu0_000020.mp4,playing accordion,music
_kHwzBbVGb4_000100.mp4,dog barking,others
9S8edgsDzQ8_000030.mp4,"male speech, man speaking",speech
CC5Wv8L5bcw_000470.mp4,"female speech, woman speaking",speech
-3kt0GobDIM_000070.mp4,playing accordion,music
SGaIvgwwWSE_000030.mp4,thunder,others
whz6JDKAWJ0_000280.mp4,playing piano,music
c8pBQqLSlAI_000030.mp4,playing accordion,music
6a9Ie_tbcoo_000030.mp4,"male speech, man speaking",speech
kfUfQp5oQ20_000030.mp4,playing accordion,music
IYFq35F80hY_000020.mp4,dog barking,others
O_2EO6UX-Qg_000150.mp4,"female speech, woman speaking",speech
PzTDamq8quY_000030.mp4,dog barking,others
R0ydleegpvc_000000.mp4,playing clarinet,music
nQAOrc224P8_000080.mp4,"female speech, woman speaking",speech
j6NOexRL_nQ_000030.mp4,playing accordion,music
3G5jnxpYvuk_000510.mp4,playing accordion,music
PYNETgMvo7I_000190.mp4,playing clarinet,music
8JDJBx0WvSg_000030.mp4,"male speech, man speaking",speech
O_5sOYLzDUw_000190.mp4,playing clarinet,music
O6PwY51U83o_000030.mp4,playing accordion,music
1rjyOCX8TLk_000030.mp4,"male speech, man speaking",speech
KZO6ZvPMI9E_000070.mp4,playing piano,music
-ALDAj9ZcdY_000030.mp4,"child speech, kid speaking",speech
og3HGY6hCkY_000030.mp4,"child speech, kid speaking",speech
mS9XwiM4vbI_000040.mp4,playing piano,music
h2CcMwJToDw_000210.mp4,playing accordion,music
TOIPHqa0HvU_000070.mp4,playing piano,music
qpACc0DRkf8_000170.mp4,"child speech, kid speaking",speech
WnzWvry6Cso_000010.mp4,playing piano,music
koLz4BXTEzQ_000070.mp4,"child speech, kid speaking",speech
Rnk_J5Lsq_w_000150.mp4,playing piano,music
75hw7g4R9Gw_000160.mp4,"child speech, kid speaking",speech
f18UCTXlIpM_000170.mp4,"child speech, kid speaking",speech
b2X_SWC_-HU_000000.mp4,dog barking,others
qxPKywSh65M_000080.mp4,dog barking,others
5XKAszJ9h8o_000100.mp4,"child speech, kid speaking",speech
qEIaf71U6Ag_000000.mp4,playing piano,music
A_0JDjjTcEc_000200.mp4,playing clarinet,music
NWZK4Mm3aNc_000000.mp4,thunder,others
QiZZ6C8U1X0_000200.mp4,playing clarinet,music
yRUOs1Gwl20_000030.mp4,playing accordion,music
X9_QixlvxoM_000317.mp4,playing accordion,music
eAf6fGQqVbk_000040.mp4,thunder,others
ZBdLpO3akGI_000020.mp4,playing piano,music
6HfwD2hpsFU_000420.mp4,"female speech, woman speaking",speech
wgS8JmRU9H0_000030.mp4,playing clarinet,music
AZA4O3fAktU_000030.mp4,"child speech, kid speaking",speech
ImyOKf6UQe8_000030.mp4,playing accordion,music
1Sp45XJ-gKc_000030.mp4,"female speech, woman speaking",speech
iIXhwrce-eY_000060.mp4,playing accordion,music
4ENso36jKO4_000030.mp4,"female speech, woman speaking",speech
MAlKAFqXGMY_000060.mp4,playing piano,music
EZLuMhuFXOc_000030.mp4,"male speech, man speaking",speech
qpeRiZGAeC0_000000.mp4,dog barking,others
By9OT5Au2O4_000550.mp4,"female speech, woman speaking",speech
upkyfMoU_Kw_000240.mp4,playing piano,music
1u6Tg_oNI74_000030.mp4,"male speech, man speaking",speech
mdlz57jnhxc_000130.mp4,"child speech, kid speaking",speech
qQnBgus62u8_000080.mp4,playing piano,music
1PgwxYCi-qE_000220.mp4,playing accordion,music
rXKBotsKx_A_000060.mp4,playing clarinet,music
OJ1KN6kLVcc_000150.mp4,playing clarinet,music
j7NTmkTUaMc_000100.mp4,"child speech, kid speaking",speech
9TblnpvgZLI_000440.mp4,thunder,others
9Uj36oX-WQY_000030.mp4,"female speech, woman speaking",speech
y9POahdljfM_000010.mp4,dog barking,others
BmxzzQ6OKDY_000030.mp4,playing clarinet,music
ajOTMF997xA_000200.mp4,"child speech, kid speaking",speech
8dwxUBucW-E_000310.mp4,"female speech, woman speaking",speech
o3HFKX_uV38_000110.mp4,"female speech, woman speaking",speech
c2Sbhv-2C1Y_000010.mp4,"female speech, woman speaking",speech
-m5SJm-7CAs_000030.mp4,"child speech, kid speaking",speech
rd4fQW_wva4_000250.mp4,"child speech, kid speaking",speech
_JWNFGmIgH4_000000.mp4,playing clarinet,music
kzTgaivjrp0_000070.mp4,playing piano,music
CcPSLgXr1vQ_000030.mp4,"male speech, man speaking",speech
64fWAid9678_000106.mp4,playing accordion,music
bV-w3tYIZho_000101.mp4,playing accordion,music
7e_SgrZo2nU_000030.mp4,"female speech, woman speaking",speech
42jsKgdY4G0_000140.mp4,playing piano,music
3N5_BgS7y0U_000010.mp4,playing piano,music
BaUynrJl_8k_000020.mp4,"female speech, woman speaking",speech
phWfXmcDeRw_000150.mp4,"female speech, woman speaking",speech
TSX4hJJlaqA_000070.mp4,playing accordion,music
N6LL-ZcRJr0_000030.mp4,playing accordion,music
2c6g-8T_mpE_000100.mp4,playing piano,music
55t7vZFrRNs_000450.mp4,playing clarinet,music
KyPcGZVIIq8_000270.mp4,playing clarinet,music
iQ-wGEb6L1A_000194.mp4,playing clarinet,music
F-ibIkPxlvM_000070.mp4,playing accordion,music
LvuMnBsN1fw_000160.mp4,playing piano,music
1Thqsodw3zI_000440.mp4,playing accordion,music
oRYdoNdnzRM_000160.mp4,playing clarinet,music
JTqzNXKjirY_000170.mp4,playing clarinet,music
BCDPEwIRz4s_000030.mp4,playing piano,music
3nWeAosWK40_000020.mp4,dog barking,others
yRVe_qF5OLk_000230.mp4,"male speech, man speaking",speech
2U7Xw0FIRIY_000220.mp4,playing piano,music
G2Ul-E5UkNI_000190.mp4,"female speech, woman speaking",speech
LYmcYlr0MkM_000050.mp4,playing accordion,music
kSwMm58byrY_000030.mp4,playing piano,music
upsRhJGKobg_000373.mp4,playing clarinet,music
D-HXQTcZNGU_000130.mp4,"female speech, woman speaking",speech
ZrmNqUVFkd8_000060.mp4,"female speech, woman speaking",speech
J9wSm6H7bJY_000020.mp4,playing piano,music
vuDuCububg4_000130.mp4,playing accordion,music
hCEvutDP0Ig_000030.mp4,playing accordion,music
2Lb6weWw8zI_000250.mp4,playing accordion,music
WkTJfYUuJzM_000247.mp4,playing clarinet,music
OX3UlagXhzk_000030.mp4,"male speech, man speaking",speech
z3wDrQkKmq4_000020.mp4,"child speech, kid speaking",speech
866zQ-DFy1E_000030.mp4,"male speech, man speaking",speech
dYal3KChE_8_000000.mp4,playing clarinet,music
AOBYsYzZvxs_000030.mp4,"male speech, man speaking",speech
UuB1gX9QmDI_000060.mp4,"female speech, woman speaking",speech
Gn_-ZDuPMmo_000181.mp4,"female speech, woman speaking",speech
8Id9uuMif_c_000047.mp4,dog barking,others
KwnOHtJJbmo_000010.mp4,"child speech, kid speaking",speech
TURuM-SMQWU_000140.mp4,"child speech, kid speaking",speech
kQCzVzmpG0I_000410.mp4,playing clarinet,music
xWVst3ICq8c_000030.mp4,playing accordion,music
ZCA_NapBTlg_000060.mp4,dog barking,others
5jl2mBBPgWg_000030.mp4,"male speech, man speaking",speech
KT_rssKutQ4_000010.mp4,"child speech, kid speaking",speech
J-QMhDo_PYs_000350.mp4,thunder,others
A7HaeYJsqzQ_000140.mp4,playing piano,music
sejMb_FB_ag_000180.mp4,playing clarinet,music
esndMKpyn1U_000040.mp4,playing clarinet,music
jr3-ZTeX45I_000180.mp4,"female speech, woman speaking",speech
kozyabzh8Gs_000220.mp4,playing clarinet,music
Q4siV2vwyko_000170.mp4,playing piano,music
ue_LksfXSOc_000000.mp4,dog barking,others
Cbvp4ZD6QDI_000030.mp4,"male speech, man speaking",speech
eatF0Ou2lwQ_000000.mp4,playing piano,music
lELf1skzKmI_000370.mp4,"child speech, kid speaking",speech
8cHHiX8saFY_000030.mp4,"female speech, woman speaking",speech
LRvmSJE8nDg_000100.mp4,"male speech, man speaking",speech
AU2WW5A5kWk_000030.mp4,"female speech, woman speaking",speech
Sqz3Dns6j18_000030.mp4,dog barking,others
gPBUP2kDzCI_000270.mp4,"child speech, kid speaking",speech
nP0vO3Xv10M_000010.mp4,dog barking,others
6lXhXDHIb94_000030.mp4,"male speech, man speaking",speech
iG-KxLtuuHE_000030.mp4,playing piano,music
ztfLhYTpy6Y_000270.mp4,playing piano,music
d_tYJtyyPgQ_000080.mp4,"child speech, kid speaking",speech
JZdb0aZe6RE_000030.mp4,dog barking,others
AcvHsHyQWaM_000017.mp4,dog barking,others
Y1Rt8vZ9yFs_000025.mp4,dog barking,others
5ILkgEPCZ2w_000030.mp4,"female speech, woman speaking",speech
iNEdX9wZj2g_000390.mp4,playing piano,music
ATOn9j9Utqk_000070.mp4,"child speech, kid speaking",speech
mPP75Ke_RdI_000030.mp4,playing accordion,music
0yVFLPbxUXM_000030.mp4,"female speech, woman speaking",speech
35TJzkXuJ1w_000150.mp4,"child speech, kid speaking",speech
BJoZbC3ItYg_000010.mp4,playing piano,music
KWa5lKQAeCk_000450.mp4,"male speech, man speaking",speech
rdiizBYOyEQ_000455.mp4,playing clarinet,music
u11zgdTvdT0_000060.mp4,playing piano,music
uWFLLOMwhhQ_000020.mp4,"child speech, kid speaking",speech
mEo6CFqyKWg_000030.mp4,playing accordion,music
nxPR07uDc5A_000500.mp4,"child speech, kid speaking",speech
oy-s31JHbjY_000000.mp4,dog barking,others
CLqsQL5zHaA_000030.mp4,"female speech, woman speaking",speech
MoWhCwxV-Dk_000060.mp4,playing piano,music
OFz0io1Hupg_000120.mp4,"child speech, kid speaking",speech
3OBPgfPMZIY_000030.mp4,"male speech, man speaking",speech
lm5-S8TjAyY_000190.mp4,playing piano,music
rAwkG-8GNgM_000140.mp4,playing accordion,music
C5vlrPuTRx8_000030.mp4,"female speech, woman speaking",speech
7ILKcRVJ9Bo_000030.mp4,"male speech, man speaking",speech
0BwiOU6alvQ_000000.mp4,dog barking,others
jQHc5vUrU7g_000060.mp4,playing accordion,music
6-6giY91190_000030.mp4,"male speech, man speaking",speech
fE5RV_XeCis_000000.mp4,"child speech, kid speaking",speech
F2FjmfvmRa0_000015.mp4,dog barking,others
mwPEC8Z7gUY_000236.mp4,playing clarinet,music
PlgZyXU_8Eo_000425.mp4,playing accordion,music
Cvswtn7yHwU_000050.mp4,playing clarinet,music
u-Ogzu3IkYw_000080.mp4,"child speech, kid speaking",speech
7SNnmZNtN7w_000030.mp4,playing piano,music
YuEr4M-0pfo_000290.mp4,"female speech, woman speaking",speech
e_Uk4Go1WB4_000342.mp4,playing clarinet,music
7scjezvmE7M_000210.mp4,"female speech, woman speaking",speech
4ZNWYqDU948_000481.mp4,"female speech, woman speaking",speech
-70tewjjQKc_000030.mp4,playing accordion,music
Alwpvv60ppI_000060.mp4,playing piano,music
4Y_YgfvBoK0_000030.mp4,"male speech, man speaking",speech
5Sa0-EQb5O4_000030.mp4,"male speech, man speaking",speech
pts4wyTF7IM_000140.mp4,playing piano,music
eWvnrMnPJI4_000315.mp4,playing clarinet,music
al0JjG6Utis_000220.mp4,"child speech, kid speaking",speech
4nTcoySgx1Q_000030.mp4,"female speech, woman speaking",speech
NXq-j7ODeSs_000270.mp4,"female speech, woman speaking",speech
3PMy6CjciUM_000030.mp4,"child speech, kid speaking",speech
Cp0QRW1Lis4_000070.mp4,"child speech, kid speaking",speech
dcIgfADOoIo_000000.mp4,playing accordion,music
2g7b9gfSxUc_000030.mp4,playing clarinet,music
-CcGuq0yoKo_000030.mp4,"female speech, woman speaking",speech
PI42LSbwc8E_000056.mp4,"child speech, kid speaking",speech
0s-SndgWtqw_000030.mp4,"female speech, woman speaking",speech
XM8S_SYX6cU_000060.mp4,"child speech, kid speaking",speech
sQDAOfrE2WE_000081.mp4,playing clarinet,music
EZpUVOgkT1g_000090.mp4,playing accordion,music
_d7qNQzYQIY_000180.mp4,playing clarinet,music
s-YrbLJ-Eh0_000000.mp4,dog barking,others
5U3ScZfm4r8_000240.mp4,playing clarinet,music
AM0K2Uo_7B4_000080.mp4,"female speech, woman speaking",speech
CSziLplZQK0_000030.mp4,"male speech, man speaking",speech
IUio2ZWL_gE_000000.mp4,"male speech, man speaking",speech
dg7Prc6Qh3w_000370.mp4,playing piano,music
BNJGMvy9Udw_000050.mp4,dog barking,others
DByNvRcTTeo_000280.mp4,"child speech, kid speaking",speech
DBjQUbJNHwc_000030.mp4,"female speech, woman speaking",speech
dEAeOc7_MQg_000060.mp4,playing clarinet,music
71I9l62agtM_000460.mp4,thunder,others
2628ZRiGRP4_000030.mp4,"female speech, woman speaking",speech
n3AYgg2v95k_000200.mp4,playing clarinet,music
PIbT5NnPrIU_000030.mp4,"female speech, woman speaking",speech
PiIkl6EF6pY_000120.mp4,"female speech, woman speaking",speech
nbBLNrlkVAI_000030.mp4,playing accordion,music
6_Tuq57GA3c_000030.mp4,"male speech, man speaking",speech
nnOTswzFD-Q_000034.mp4,playing accordion,music
Zv2MIQ1_gGI_000063.mp4,playing clarinet,music
_rLwiTSOKOU_000069.mp4,"female speech, woman speaking",speech
SDExC3FGSHA_000130.mp4,playing piano,music
dMrX08PxUNY_000080.mp4,"female speech, woman speaking",speech
BGke2ypp_CU_000192.mp4,"child speech, kid speaking",speech
BnrocXZueJI_000500.mp4,"child speech, kid speaking",speech
BiAdVNrtTCY_000040.mp4,dog barking,others
0c8VNgC7cP0_000030.mp4,"male speech, man speaking",speech
DJw9qLzCJm0_000120.mp4,thunder,others
2YreOlnWtYY_000010.mp4,playing accordion,music
xzTPk-mIYIw_000230.mp4,"child speech, kid speaking",speech
5cRExGLxfrU_000060.mp4,"male speech, man speaking",speech
pIATaIBQLH4_000080.mp4,playing clarinet,music
t-8GhuOmWzI_000000.mp4,thunder,others
z4fHa6W_BqE_000030.mp4,"female speech, woman speaking",speech
Kr9RKn_5ljk_000030.mp4,playing accordion,music
bdnmXm-bYJw_000164.mp4,playing piano,music
N2JFoHwk1f0_000040.mp4,playing piano,music
XnbWWZy44YY_000019.mp4,dog barking,others
67u1JT6ZFAM_000030.mp4,"male speech, man speaking",speech
pd6ZI8m8dhc_000110.mp4,playing piano,music
DD6HeCQrAoo_000170.mp4,playing piano,music
-91YNgiNXkA_000030.mp4,"male speech, man speaking",speech
9Wi1oMq9XBM_000010.mp4,dog barking,others
wALAzMffdiU_000110.mp4,"male speech, man speaking",speech
7VIlwyWkVvE_000060.mp4,"child speech, kid speaking",speech
Ya6eshXjFvw_000200.mp4,playing accordion,music
su5gI6pk4_A_000020.mp4,"child speech, kid speaking",speech
Vs2gZcQ4y1w_000051.mp4,playing clarinet,music
LV4jmo7bfUA_000420.mp4,"female speech, woman speaking",speech
1NORY2Na-a8_000030.mp4,"female speech, woman speaking",speech
qmSY2Fmnz-s_000030.mp4,playing accordion,music
BsvJyNledTM_000030.mp4,"female speech, woman speaking",speech
3EMG6FoGAgk_000330.mp4,"child speech, kid speaking",speech
gbG4dtAJmy0_000130.mp4,"child speech, kid speaking",speech
6k_3ijkbzkk_000030.mp4,"female speech, woman speaking",speech
YDZ-iadGOcE_000220.mp4,playing piano,music
3VMkEUmuTzQ_000090.mp4,playing clarinet,music
nL9JAqVhle8_000050.mp4,dog barking,others
1k1eMJE_hho_000030.mp4,"female speech, woman speaking",speech
CacM2nOinxE_000060.mp4,playing accordion,music
3fY89FpxcdQ_000030.mp4,"male speech, man speaking",speech
WzijkO_cFF0_000320.mp4,"female speech, woman speaking",speech
z9crgUIWcmA_000000.mp4,dog barking,others
0k4M0cXy5JQ_000180.mp4,thunder,others
Y7BBrdCwIJw_000115.mp4,playing accordion,music
Rt62-Sh44MU_000010.mp4,thunder,others
gKeNHn36R3k_000000.mp4,playing clarinet,music
3SyfTsLZCtw_000160.mp4,"child speech, kid speaking",speech
U2AvBYOuXi0_000000.mp4,playing clarinet,music
bFM-sOcDqHQ_000350.mp4,playing piano,music
Cp42GXkbtj4_000015.mp4,"female speech, woman speaking",speech
YrrJLsMKGGU_000540.mp4,"child speech, kid speaking",speech
NGGtRqo03SY_000115.mp4,playing clarinet,music
vGOfRXT8iXg_000030.mp4,"female speech, woman speaking",speech
7H3RdsewH28_000030.mp4,"female speech, woman speaking",speech
4U2SrLUlKm0_000030.mp4,"male speech, man speaking",speech
J-k22a2zDU8_000030.mp4,playing piano,music
4WGFtymEB8M_000030.mp4,playing piano,music
BTY5tEwm-54_000097.mp4,playing clarinet,music
EldVdVNBQIM_000050.mp4,playing piano,music
eICMSsClvnw_000030.mp4,playing accordion,music
7a-SlB-TV9o_000040.mp4,dog barking,others
ur33zPD9BCc_000070.mp4,playing piano,music
F3AsQHJE5E0_000030.mp4,dog barking,others
o7OaQMiJc3o_000037.mp4,playing clarinet,music
oYnDenOS6oA_000000.mp4,playing piano,music
RF_tqCThxaM_000010.mp4,dog barking,others
lN5rRrKcuVo_000030.mp4,playing clarinet,music
TUsm2pBUIyY_000236.mp4,dog barking,others
VkbdLnRfMFc_000030.mp4,"female speech, woman speaking",speech
d2a2X9m-Fn4_000010.mp4,dog barking,others
wXgtPsZfMi8_000020.mp4,playing piano,music
Ip0AiPqCl_s_000390.mp4,playing clarinet,music
C5WlPklatQw_000010.mp4,dog barking,others
04P4zPzspuI_000030.mp4,"male speech, man speaking",speech
15SSos73bwo_000030.mp4,"male speech, man speaking",speech
zJOlVinSfB4_000010.mp4,"child speech, kid speaking",speech
xEqmJZ-ET9k_000520.mp4,"child speech, kid speaking",speech
dHn-Gbv6mS0_000520.mp4,"child speech, kid speaking",speech
Zia_Bn_3JUg_000012.mp4,playing accordion,music
WoA3qCAOzg8_000010.mp4,playing piano,music
58y3284_0ec_000030.mp4,"male speech, man speaking",speech
BXdLkM8ed2c_000112.mp4,playing accordion,music
67upUuEwqSg_000336.mp4,playing clarinet,music
AUN2d88sl6I_000030.mp4,playing piano,music
QUqr5NnS5hk_000010.mp4,dog barking,others
HRoiXDAp4k8_000010.mp4,"child speech, kid speaking",speech
_RHUQzPObtk_000000.mp4,playing clarinet,music
8ws4M3n7uaU_000030.mp4,"male speech, man speaking",speech
Lhi2ULgR2Fk_000094.mp4,playing accordion,music
JgWIWq0dk28_000080.mp4,playing accordion,music
9Xwu69KKVqY_000030.mp4,"male speech, man speaking",speech
uBgl6YY-d_4_000000.mp4,"child speech, kid speaking",speech
-1qyr-IzqKY_000060.mp4,playing accordion,music
pSTA2rAAE_4_000000.mp4,playing accordion,music
-LWTTrdTi9A_000030.mp4,"female speech, woman speaking",speech
DskxQvcY0qM_000110.mp4,playing piano,music
6mHBwKyf0IY_000030.mp4,"male speech, man speaking",speech
ndLL-ycrOuM_000040.mp4,playing accordion,music
6uM84MFWpTE_000030.mp4,"male speech, man speaking",speech
Wg86ercBjY0_000000.mp4,playing clarinet,music
SQz29-4O6u0_000030.mp4,playing piano,music
w9b_kFnP8Fw_000340.mp4,"child speech, kid speaking",speech
VUkgjlyBki8_000480.mp4,playing piano,music
wUd00HlWM7k_000012.mp4,playing clarinet,music
HeQch-tqle4_000050.mp4,"child speech, kid speaking",speech
7S1MgvQcB8M_000030.mp4,"male speech, man speaking",speech
Nl_p2JVFcOY_000022.mp4,thunder,others
7zY5OBlSHMU_000003.mp4,dog barking,others
7_XV2ofy63g_000100.mp4,playing piano,music
8mbrRJbJWLs_000030.mp4,"male speech, man speaking",speech
fxxxeKPJmEU_000350.mp4,"female speech, woman speaking",speech
kkMBb3C2QFk_000030.mp4,playing accordion,music
ankQViqf2oI_000050.mp4,"child speech, kid speaking",speech
BkrEa-mRHo4_000030.mp4,"male speech, man speaking",speech
EBGWeYbdmy4_000015.mp4,dog barking,others
3Y50TGertJk_000150.mp4,playing piano,music
7cbDieK6Qjg_000030.mp4,"male speech, man speaking",speech
uuhq-r8_z3s_000030.mp4,playing clarinet,music
-xzWsDpVEiE_000060.mp4,"child speech, kid speaking",speech
b25UIC-N9Vg_000000.mp4,dog barking,others
p6Gb3yAzZBg_000030.mp4,"male speech, man speaking",speech
ha_8IR3qUgs_000043.mp4,playing clarinet,music
sjLDkEyych4_000054.mp4,playing accordion,music
vNxD8WP490o_000010.mp4,"female speech, woman speaking",speech
lrYx7HaUlMY_000835.mp4,"female speech, woman speaking",speech
2YKYgAQnSp0_000030.mp4,"male speech, man speaking",speech
-Y4Hfvm0Y4U_000089.mp4,playing clarinet,music
Uv08kvaTGC4_000180.mp4,"child speech, kid speaking",speech
G8wWb0_AIds_000030.mp4,"female speech, woman speaking",speech
La3gWh3IlLs_000050.mp4,playing piano,music
-HURLJm2ANE_000030.mp4,"female speech, woman speaking",speech
46yPXf2DwXc_000200.mp4,thunder,others
tbRKBoD4bkU_000117.mp4,playing clarinet,music
jtTNhJgbRL0_000020.mp4,"child speech, kid speaking",speech
OdzO9eQ1ksc_000170.mp4,playing piano,music
I4_A-NlyDIk_000030.mp4,playing accordion,music
3CD9-acTSQ4_000030.mp4,"male speech, man speaking",speech
eUHnbz396Hk_000050.mp4,playing piano,music
DW9q69vo4pc_000060.mp4,playing piano,music
9nUZk9GehAI_000030.mp4,"female speech, woman speaking",speech
le5euuUnfuc_000030.mp4,dog barking,others
1EJynd-jrh8_000000.mp4,"child speech, kid speaking",speech
qpPtQFjPEZc_000200.mp4,playing piano,music
1O6QEA0ywtE_000030.mp4,"male speech, man speaking",speech
12oeAh4LY5M_000310.mp4,playing accordion,music
Tnd-BCSCEzI_000325.mp4,playing clarinet,music
zbOvTRf-3aw_000170.mp4,playing clarinet,music
IYXDlgv8pTc_000000.mp4,dog barking,others
phX99TsHrs8_000030.mp4,playing accordion,music
8GTkmen1bBg_000110.mp4,playing piano,music
QhRcayuLZ48_000390.mp4,playing piano,music
uvb873FJC1g_000040.mp4,"child speech, kid speaking",speech
khot0V8J4Cs_000030.mp4,playing accordion,music
QFh37Uo-VGE_000030.mp4,playing accordion,music
QiFqRkx0qh8_000060.mp4,playing accordion,music
vKGuUll7C2U_000030.mp4,playing clarinet,music
-ypg4VhPQzg_000030.mp4,"male speech, man speaking",speech
aqAOyp3z2Ks_000050.mp4,"child speech, kid speaking",speech
XO6NBZfueHM_000030.mp4,playing accordion,music
dVlcBJPP114_000500.mp4,dog barking,others
hSVk_cTjviA_000020.mp4,playing piano,music
v-idMEjAAQM_000460.mp4,thunder,others
-v6FmvDPYDk_000350.mp4,playing clarinet,music
cUvT1GoROxY_000246.mp4,"female speech, woman speaking",speech
Xl3I4pIAA9g_000410.mp4,playing clarinet,music
0GJsOYhaGW4_000030.mp4,"male speech, man speaking",speech
EVFznI5Uxjk_000030.mp4,"male speech, man speaking",speech
3NYp1ocTkFo_000030.mp4,"male speech, man speaking",speech
5nAvo9b2_SY_000020.mp4,dog barking,others
N42C0BsWoh0_000010.mp4,playing piano,music
cC7MqR44SMc_000050.mp4,playing piano,music
9TJxu5jlbZA_000030.mp4,"male speech, man speaking",speech
G3lDaaC3K4E_000160.mp4,playing piano,music
9y-MOoWaHNo_000030.mp4,"male speech, man speaking",speech
CFQEDchzlJA_000030.mp4,"male speech, man speaking",speech
UPWojLzefmY_000030.mp4,playing accordion,music
KfeVrp53z7g_000038.mp4,playing accordion,music
4sTQvJtsuSg_000050.mp4,dog barking,others
Dk2IGwfyQ9I_000030.mp4,"male speech, man speaking",speech
qLt7hWlPgnw_000330.mp4,"female speech, woman speaking",speech
BOMAzVa5QRk_000030.mp4,thunder,others
0He01mhNC_4_000000.mp4,"male speech, man speaking",speech
e0z62YqLKsU_000070.mp4,"female speech, woman speaking",speech
Y1P9Nkdh5eU_000020.mp4,"child speech, kid speaking",speech
2qW86VaasAU_000030.mp4,"male speech, man speaking",speech
rpb245udmYg_000260.mp4,playing clarinet,music
lMj06pj34s4_000090.mp4,playing accordion,music
iqKZ8YaQA2s_000140.mp4,"child speech, kid speaking",speech
fFn2P7ZRIeM_000480.mp4,playing clarinet,music
ARAVsMo1Wfs_000030.mp4,"male speech, man speaking",speech
rbLik11Vr30_000020.mp4,"child speech, kid speaking",speech
jzbn28F_df4_000540.mp4,playing piano,music
02gYcWjr6m0_000000.mp4,playing accordion,music
pZZ2ZNLRnOM_000030.mp4,thunder,others
g8E9gBfe8B4_000180.mp4,"female speech, woman speaking",speech
pkHPyF4ZGmE_000020.mp4,playing accordion,music
ZySr2JgH-Vk_000140.mp4,playing piano,music
AIVCQDK3cA4_000030.mp4,playing accordion,music
-KnqTnFUoLQ_000030.mp4,"male speech, man speaking",speech
3udWqzZibWY_000030.mp4,"female speech, woman speaking",speech
13v94lbKNz4_000030.mp4,"female speech, woman speaking",speech
K26dJaoUnK4_000044.mp4,playing clarinet,music
m5e7Yn0oTs8_000000.mp4,dog barking,others
kJn7xfOVjNE_000000.mp4,playing piano,music
gpSrXa5kMls_000030.mp4,thunder,others
3EK19URKAhM_000060.mp4,"child speech, kid speaking",speech
TixTFD5KkVo_000030.mp4,playing accordion,music
RvvtHtcHhpI_000030.mp4,playing piano,music
xcv76jswLHQ_000050.mp4,playing piano,music
70nWss-8VEU_000030.mp4,"male speech, man speaking",speech
4w2gqIQaXg0_000030.mp4,"male speech, man speaking",speech
ETU02ii0RoI_000030.mp4,"male speech, man speaking",speech
olCQnmVfH34_000000.mp4,playing clarinet,music
gMbSQoEexGM_000470.mp4,"female speech, woman speaking",speech
9F-X6htGhfc_000010.mp4,thunder,others
3-YKFxga7C0_000000.mp4,playing piano,music
10MRxp2q8R4_000030.mp4,"female speech, woman speaking",speech
qQ_gDQN_Wls_000050.mp4,dog barking,others
DYW9ly75IA4_000130.mp4,playing clarinet,music
5WnOB0zr8lw_000030.mp4,"male speech, man speaking",speech
gnMDpBQ_bDQ_000438.mp4,playing piano,music
n4d80xiq7sU_000040.mp4,playing accordion,music
EacVPtpJuF8_000220.mp4,"child speech, kid speaking",speech
z-YS0dwc8ic_000550.mp4,playing piano,music
sXNyrBT7ocM_000130.mp4,playing accordion,music
1C2V_lUbaH0_000030.mp4,"male speech, man speaking",speech
WHq1UToP6Xw_000080.mp4,playing clarinet,music
Y57lB7S19hQ_000060.mp4,playing piano,music
Yi1v0YlHdX4_000130.mp4,"female speech, woman speaking",speech
zppndT_IcEo_000030.mp4,playing piano,music
b_Zvz_SQs-4_000180.mp4,dog barking,others
PPPq7rbMU7o_000008.mp4,playing accordion,music
wrHAtO2Db_8_000000.mp4,playing accordion,music
inbz7sL_St8_000280.mp4,playing clarinet,music
ptsyaLh_nq0_000010.mp4,playing piano,music
CMXmmp2RmyI_000090.mp4,"child speech, kid speaking",speech
FjpDoRib3-4_000030.mp4,"child speech, kid speaking",speech
vk7mu9nnBbY_000052.mp4,"female speech, woman speaking",speech
4auplyzWz6A_000490.mp4,"female speech, woman speaking",speech
U672NdZwmXU_000300.mp4,"male speech, man speaking",speech
VTsAzPNgrSs_000400.mp4,playing clarinet,music
6E1e7zkTfS4_000030.mp4,"female speech, woman speaking",speech
ua2s75OOGhI_000000.mp4,"child speech, kid speaking",speech
njiFbOIeP4Y_000040.mp4,thunder,others
0E_AOrnZT6Q_000030.mp4,"male speech, man speaking",speech
Dpq8pHLhdV0_000020.mp4,"female speech, woman speaking",speech
ej9bFm_MUNA_000250.mp4,"child speech, kid speaking",speech
u1VU31k7UKQ_000020.mp4,playing accordion,music
iT60_xVKdg8_000158.mp4,dog barking,others
L6twa2XS6ag_000330.mp4,"male speech, man speaking",speech
wUd00HlWM7k_000000.mp4,playing clarinet,music
1pm82JaM4v0_000020.mp4,playing piano,music
31zqGonKYR0_000009.mp4,dog barking,others
ALCRVoJlqBw_000030.mp4,playing clarinet,music
B0WvF2RhHUQ_000260.mp4,playing clarinet,music
TnHbKS8Dh_w_000010.mp4,"child speech, kid speaking",speech
ktYQxRt9qDc_000250.mp4,thunder,others
kXG9wvIPhZ0_000080.mp4,playing piano,music
kmx9ZqitSzA_000415.mp4,playing clarinet,music
dzB_o6VhtK4_000000.mp4,playing accordion,music
lisFXzPYR4E_000093.mp4,playing accordion,music
2hKC_gyijcw_000010.mp4,dog barking,others
m1yNB4Z_dAA_000030.mp4,thunder,others
SzOsH4E-j2Q_000090.mp4,"child speech, kid speaking",speech
5HEXLybrx74_000030.mp4,"male speech, man speaking",speech
TJlpS4vhKP0_000174.mp4,"female speech, woman speaking",speech
jLfVXBRIsA8_000865.mp4,"female speech, woman speaking",speech
DiTZL2G184s_000030.mp4,"male speech, man speaking",speech
v9jKsz4oIkI_000240.mp4,playing piano,music
donkH2x20no_000050.mp4,playing accordion,music
GJ3tiHoGg1E_000030.mp4,"female speech, woman speaking",speech
75ga2serFYE_000020.mp4,dog barking,others
CnJ7JRPVS0M_000030.mp4,"female speech, woman speaking",speech
6hB1E-ge0UU_000250.mp4,playing accordion,music
uB9qnFTBNhA_000010.mp4,playing piano,music
j1d9XSqzyA0_000120.mp4,playing accordion,music
SPBgSTN8LXo_000060.mp4,"female speech, woman speaking",speech
H0o1tJY1yr4_000080.mp4,playing accordion,music
CcRo5lYPyuU_000030.mp4,"male speech, man speaking",speech
RTQrEpoyKpc_000020.mp4,"child speech, kid speaking",speech
OKKViQl0fSc_000230.mp4,"child speech, kid speaking",speech
HxQkoR-dhTw_000200.mp4,"child speech, kid speaking",speech
KzK6d6Qpu_o_000010.mp4,dog barking,others
cBcngftfYg4_000270.mp4,"female speech, woman speaking",speech
yKUDql57gEs_000011.mp4,playing clarinet,music
R6RcbaKOmCw_000030.mp4,playing accordion,music
ZzMvxTCoARY_000370.mp4,playing accordion,music
_sV9vC6iS1U_000010.mp4,dog barking,others
9FIdrP7ej3U_000030.mp4,"male speech, man speaking",speech
kb5udn-kHg0_000200.mp4,playing piano,music
CuP2greJnz4_000030.mp4,"male speech, man speaking",speech
b90VHYkGsZk_000120.mp4,playing piano,music
YL4DpFVNgNw_000090.mp4,playing accordion,music
tarqlNXm9fo_000026.mp4,playing clarinet,music
MMFjRD-RUdU_000160.mp4,playing piano,music
mNIXRXikYDc_000026.mp4,"female speech, woman speaking",speech
10nfmb-jLPk_000026.mp4,playing accordion,music
hcR4BiG8sZs_000150.mp4,playing clarinet,music
CW1kKoIhZxs_000090.mp4,playing clarinet,music
-lZXdiEghz0_000030.mp4,"female speech, woman speaking",speech
cDXeRW1NxD4_000040.mp4,"child speech, kid speaking",speech
-luxLCoCpag_000030.mp4,"male speech, man speaking",speech
iYSClo5N_fE_000380.mp4,playing clarinet,music
RY_R3ni1kVo_000030.mp4,thunder,others
oQ26s0w4Xvw_000030.mp4,playing accordion,music
Pg0dzAGvGoo_000130.mp4,playing piano,music
McyzwLkySCM_000040.mp4,dog barking,others
m2Sud3hL3Bg_000030.mp4,playing accordion,music
l_AyUnTK0ZI_000030.mp4,playing accordion,music
-lETtaOHuJQ_000030.mp4,playing clarinet,music
xz3x_sJsjxw_000030.mp4,playing accordion,music
CpCidDMlXxc_000030.mp4,"male speech, man speaking",speech
0bQdRu0RzOE_000030.mp4,"female speech, woman speaking",speech
NpH1HPuXU8k_000007.mp4,playing clarinet,music
XyxSWAugWs8_000130.mp4,playing piano,music
-XyyXV_Urss_000003.mp4,playing clarinet,music
z6r_Kxy36Io_000030.mp4,playing piano,music
0NOfMOlyvlM_000030.mp4,"female speech, woman speaking",speech
hmOUVl7dZDo_000066.mp4,dog barking,others
3PJ0AKcOe-I_000030.mp4,"female speech, woman speaking",speech
QK2gdIyV9J8_000045.mp4,"female speech, woman speaking",speech
tNs0UEeImVk_000000.mp4,playing accordion,music
2FNZwK-4sUA_000030.mp4,"female speech, woman speaking",speech
-puYZuqLJRI_000030.mp4,"male speech, man speaking",speech
9LmxKv4OUM4_000210.mp4,playing piano,music
BZTuAnH0Lq4_000030.mp4,"male speech, man speaking",speech
fYR10k61sfk_000310.mp4,"child speech, kid speaking",speech
6mub-DrJZc4_000030.mp4,"female speech, woman speaking",speech
wmZ_MM8vH-g_000080.mp4,"child speech, kid speaking",speech
0AcaYTOIa70_000030.mp4,playing accordion,music
L-Vp5aQ9S7Q_000150.mp4,playing accordion,music
cM4YqoZx-Jc_000030.mp4,playing piano,music
PdXxcYHPZcc_000510.mp4,"female speech, woman speaking",speech
iL1_y8SxBFs_000240.mp4,playing piano,music
MhgLu4oyEq8_000080.mp4,playing piano,music
lcLoIx3CLag_000100.mp4,thunder,others
-AWQf-Q8j2k_000030.mp4,"female speech, woman speaking",speech
SXM_YSOBhP0_000490.mp4,thunder,others
zA7XSdjRk0A_000010.mp4,dog barking,others
oicOAt5GoU0_000030.mp4,playing accordion,music
-YuZLuu6gkY_000030.mp4,playing clarinet,music
Gus-voUdc1U_000030.mp4,playing accordion,music
x10WoHLPwkI_000400.mp4,"male speech, man speaking",speech
y3_y1I_ngtw_000050.mp4,"child speech, kid speaking",speech
mmlBCGv9tl4_000050.mp4,dog barking,others
hpNzM89T2ec_000050.mp4,"male speech, man speaking",speech
-4-rtJzyJ1g_000030.mp4,"male speech, man speaking",speech
5gloCur-2lo_000030.mp4,"male speech, man speaking",speech
-b6XHgcTzDs_000030.mp4,"female speech, woman speaking",speech
By8sm-2ltWo_000030.mp4,"female speech, woman speaking",speech
cNI5NQsi4zc_000060.mp4,playing piano,music
YLX_s-XOxxY_000041.mp4,"child speech, kid speaking",speech
-GSvbBGWvb0_000030.mp4,"female speech, woman speaking",speech
VdxslFvStdo_000370.mp4,"female speech, woman speaking",speech
aOm2f_anBxM_000591.mp4,"child speech, kid speaking",speech
rGS5cvGRniE_000030.mp4,playing piano,music
gXsqrwTSAF8_000000.mp4,playing piano,music
EQg2BXZrw7Q_000090.mp4,playing piano,music
5yPuU1le594_000030.mp4,dog barking,others
EpLiZmjipw8_000100.mp4,playing piano,music
ODX9YFLJ4j8_000470.mp4,playing piano,music
boYCHQeENzg_000110.mp4,playing piano,music
2wbP0fPlpi8_000030.mp4,"male speech, man speaking",speech
q5oeiQlLPzs_000000.mp4,dog barking,others
9QmnSTnSGLU_000030.mp4,"female speech, woman speaking",speech
EZlL89p8BfI_000030.mp4,"male speech, man speaking",speech
-lSURFHHouY_000030.mp4,"male speech, man speaking",speech
n4Ip0y7up94_000030.mp4,"male speech, man speaking",speech
e_rAXhiqVZE_000200.mp4,playing piano,music
J_k6z7_YVJU_000090.mp4,playing piano,music
5qaw92ub-Uc_000030.mp4,"male speech, man speaking",speech
92pUDtU-NiM_000070.mp4,"child speech, kid speaking",speech
MZnQEkqzLWA_000030.mp4,playing piano,music
RyH9LOGHNWY_000140.mp4,playing clarinet,music
3dKSeoGR1z4_000190.mp4,"male speech, man speaking",speech
8aWUyi4bpFE_000030.mp4,"male speech, man speaking",speech
9iKUgzv5cU4_000030.mp4,"male speech, man speaking",speech
ztkYk7KbYnk_000400.mp4,playing clarinet,music
RNLFSKy0xhA_000008.mp4,dog barking,others
9jin237e_AU_000280.mp4,playing accordion,music
mb050K84BfQ_000240.mp4,"child speech, kid speaking",speech
7jCWljBWjW4_000030.mp4,playing clarinet,music
WUWgTMSWs3I_000030.mp4,playing clarinet,music
loRHOZuqppg_000020.mp4,"child speech, kid speaking",speech
8YadZB7-eFU_000010.mp4,dog barking,others
zunUPiRJQAY_002319.mp4,playing clarinet,music
X-Ni_Vz5zmg_000230.mp4,playing piano,music
774l5ebuPHE_000020.mp4,playing piano,music
NArbxA67pm0_000050.mp4,playing clarinet,music
o_imCIYdgAo_000020.mp4,dog barking,others
ERTvDybU-pc_000030.mp4,"male speech, man speaking",speech
4rehS_cPodk_000020.mp4,"female speech, woman speaking",speech
AAZC-Hfr4Mw_000030.mp4,"child speech, kid speaking",speech
Nfxc52LVOvM_000190.mp4,"child speech, kid speaking",speech
oagnc7aNmTI_000030.mp4,dog barking,others
MoJvvL89tqE_000220.mp4,playing piano,music
P4KxPBgPCwo_000230.mp4,playing piano,music
t9GdjBv-yOo_000030.mp4,thunder,others
1avy8rrBQTk_000040.mp4,playing piano,music
jkIi5UVmJlc_000060.mp4,playing clarinet,music
C6xq2Rnc8Ds_000100.mp4,"child speech, kid speaking",speech
bChPXNG4JZc_000059.mp4,playing accordion,music
RG_FIFAaO2s_000190.mp4,playing piano,music
Zjk6GVvvPAg_000490.mp4,"child speech, kid speaking",speech
79WG3JLjCR4_000030.mp4,playing piano,music
UDCaKyBlnq8_000030.mp4,thunder,others
fvv-G-v4bng_000122.mp4,playing clarinet,music
NqcFqdiC0cQ_000030.mp4,playing accordion,music
7hWLLO2eLk8_000030.mp4,"child speech, kid speaking",speech
GEBMPrzW0NI_000030.mp4,"male speech, man speaking",speech
4Fbprv9eVoY_000030.mp4,"female speech, woman speaking",speech
oxBBPdHNQLs_000050.mp4,playing piano,music
hMvZoc-Gwh8_000030.mp4,playing clarinet,music
36m1o-tM05g_000036.mp4,"child speech, kid speaking",speech
nUBOpndM8qM_000030.mp4,"child speech, kid speaking",speech
JMBRg23JGJQ_000370.mp4,"female speech, woman speaking",speech
PP-wlVycr7w_000102.mp4,playing accordion,music
WCTNhus0itc_000041.mp4,dog barking,others
sRsfsQp8i2Y_000010.mp4,"female speech, woman speaking",speech
GXIrtKSFXaM_000030.mp4,playing accordion,music
AfNPAXHf68Q_000030.mp4,"male speech, man speaking",speech
QJ4hJjY8XYw_000030.mp4,playing piano,music
e1HpToAROVw_000000.mp4,thunder,others
PXdHv6GA8ec_000000.mp4,dog barking,others
-JsV_9rFXB0_000030.mp4,"female speech, woman speaking",speech
0ci6Xyw7f1w_000080.mp4,"child speech, kid speaking",speech
At-UGNEfnfk_000090.mp4,playing accordion,music
xO1x2k-OTZo_000000.mp4,"child speech, kid speaking",speech
KeX5WjiLK-M_000220.mp4,"child speech, kid speaking",speech
8pxVZpHy3iI_000020.mp4,"child speech, kid speaking",speech
jZSA9xtyhx0_000010.mp4,playing piano,music
6bEt4H04lyQ_000170.mp4,playing clarinet,music
8OhXKJG9GBc_000220.mp4,playing clarinet,music
TfoJUAB2rcU_000286.mp4,thunder,others
OHZTbkWRHj8_000180.mp4,playing piano,music
rcnFEKNtteo_000270.mp4,"child speech, kid speaking",speech
kr72GsUdYrs_000061.mp4,playing clarinet,music
3Cz7pNwyFhg_000179.mp4,playing clarinet,music
9Tvv43I4mKU_000090.mp4,"child speech, kid speaking",speech
C1HjMjnKT6Y_000030.mp4,"male speech, man speaking",speech
sz4QJmDiTIs_000120.mp4,"male speech, man speaking",speech
55bSR917TyM_000030.mp4,"male speech, man speaking",speech
C4FU0kGfpBI_000010.mp4,"child speech, kid speaking",speech
omWEAu53Q0I_000460.mp4,"male speech, man speaking",speech
ynLCqYCtidQ_000160.mp4,playing accordion,music
03itl3k8gr0_000110.mp4,playing accordion,music
42WpyBfA5Bk_000030.mp4,"female speech, woman speaking",speech
9bysuSIq92w_000140.mp4,playing piano,music
UfOiTYy8Qz0_000000.mp4,playing clarinet,music
utLzftNytcc_000230.mp4,playing piano,music
nsjiEKVzkBA_000030.mp4,playing piano,music
5Bzs7nRzRbI_000030.mp4,"female speech, woman speaking",speech
N7ScuYZ__3o_000170.mp4,playing clarinet,music
n3lQjavrmmc_000030.mp4,"female speech, woman speaking",speech
GZv-C2mlnBA_000180.mp4,playing piano,music
Yx_lhWrmAaA_000150.mp4,playing clarinet,music
zaQU047IFeU_000270.mp4,"female speech, woman speaking",speech
WZCNz2tVCWQ_000210.mp4,dog barking,others
2l0BcqqUwc4_000140.mp4,dog barking,others
6_hSHwFewWA_000030.mp4,"male speech, man speaking",speech
4M9_aVZjMBc_000030.mp4,"male speech, man speaking",speech
oaM_GiCUsOk_000134.mp4,playing clarinet,music
3YbDIoaSToo_000290.mp4,playing accordion,music
pRQkghTD_mM_000087.mp4,playing clarinet,music
kzk2CjtfiqM_000099.mp4,playing clarinet,music
BZP6SNvkrD0_000030.mp4,"male speech, man speaking",speech
ORb86vOehvQ_000030.mp4,playing accordion,music
l-LFC9e5b-g_000030.mp4,playing accordion,music
CuazNYNIl5c_000030.mp4,"female speech, woman speaking",speech
xFM-JgYUjwo_000138.mp4,playing clarinet,music
8Axf5fOBNQs_000030.mp4,"female speech, woman speaking",speech
vdXavSaj8-M_000070.mp4,playing accordion,music
tTEkAKApuSI_000020.mp4,"child speech, kid speaking",speech
-3lvuJ1-KsY_000070.mp4,playing clarinet,music
oKKodznKUzg_000042.mp4,dog barking,others
4KYJA16aswI_000020.mp4,dog barking,others
NVFmaGt-5yo_000020.mp4,"female speech, woman speaking",speech
qDwTjDYjrwU_000030.mp4,playing accordion,music
lTaR8aLaybo_000240.mp4,"child speech, kid speaking",speech
F_9avQniY7Y_000060.mp4,playing piano,music
ZmiAOO9DpMg_000020.mp4,thunder,others
AKSkfp-XKVw_000030.mp4,"male speech, man speaking",speech
brQDesFFdgc_000030.mp4,thunder,others
Acsv55lctGY_000850.mp4,playing accordion,music
B16MtmMXHow_000030.mp4,"male speech, man speaking",speech
c4n_yf2xg8Y_000020.mp4,"child speech, kid speaking",speech
CBE15htmdaY_000030.mp4,playing piano,music
bstRSjf_SWU_000080.mp4,"child speech, kid speaking",speech
hcBn4asffoA_000030.mp4,dog barking,others
4-HMPr648d0_000600.mp4,playing piano,music
Fkp_KZz1wvw_000030.mp4,playing accordion,music
5tCwu8gJJtc_000030.mp4,"male speech, man speaking",speech
IFi2TjB-DN0_000030.mp4,"female speech, woman speaking",speech
RkJZZ_XhioI_000112.mp4,playing accordion,music
Xdj4YqPhSqQ_000050.mp4,dog barking,others
fZwzZzhDJak_000089.mp4,playing accordion,music
FCjqkFUF6xI_000490.mp4,thunder,others
BYeBFFZEwz0_000030.mp4,"female speech, woman speaking",speech
gowCOnbhR5Q_000051.mp4,playing accordion,music
yfRNg_0oBPc_000230.mp4,"child speech, kid speaking",speech
3qBHnmzQQbY_000030.mp4,"female speech, woman speaking",speech
TApSlyXMfxU_000130.mp4,"child speech, kid speaking",speech
rZ3vl8dDq8I_000302.mp4,dog barking,others
9bimA8d3pHA_000030.mp4,"female speech, woman speaking",speech
gKVX3IfKBiE_000090.mp4,playing accordion,music
IxtjeENm0js_000030.mp4,"female speech, woman speaking",speech
cJTDchgcDbg_000020.mp4,dog barking,others
6h38BCFGtj8_000030.mp4,"female speech, woman speaking",speech
CiA2vMNYdTQ_000012.mp4,dog barking,others
eD-bmhBZQOI_000030.mp4,playing accordion,music
oo9bqx3txLw_000020.mp4,"child speech, kid speaking",speech
7ZgQw1TlRtE_000300.mp4,"female speech, woman speaking",speech
dVMXAggMKbA_000006.mp4,dog barking,others
pmDkOx5lMy8_000110.mp4,thunder,others
R-0AapiCYhY_000140.mp4,playing clarinet,music
1qTvtQZFxww_000370.mp4,"child speech, kid speaking",speech
0rVdxGuX5do_000186.mp4,playing accordion,music
5PR6UpkG8AI_000070.mp4,playing clarinet,music
dLVxZp78roo_000320.mp4,playing clarinet,music
T1BDr9ijHRs_000040.mp4,"child speech, kid speaking",speech
1xrKuQw0Ayw_000030.mp4,"male speech, man speaking",speech
Q2xnvnRgV5U_000340.mp4,playing clarinet,music
4yqIXHBF3Cg_000000.mp4,dog barking,others
AVUsi-GUGNA_000190.mp4,playing piano,music
q3aJ-qT8IEM_000510.mp4,playing clarinet,music
nEIDKPFWMhY_000220.mp4,playing piano,music
6uUi0eZD-vM_000010.mp4,"child speech, kid speaking",speech
-oIJ4vrZTUA_000050.mp4,playing piano,music
mRSA9hG17f4_000030.mp4,playing accordion,music
l4K1Xb3ebuI_000100.mp4,playing clarinet,music
oEBQeAC5H6c_000017.mp4,playing clarinet,music
PYtRirJih6k_000200.mp4,"female speech, woman speaking",speech
DdedqiE-hPU_000154.mp4,"female speech, woman speaking",speech
f3JufKV0Isw_000040.mp4,dog barking,others
X7so5Y-VxEE_000110.mp4,playing piano,music
-NpIi1FoTXo_000030.mp4,playing piano,music
iCS6D5GoHWc_000086.mp4,playing accordion,music
7zpGq8nY9js_000030.mp4,playing accordion,music
0JqfXHgDqVc_000030.mp4,"male speech, man speaking",speech
0YhjxnDRXhk_000030.mp4,"male speech, man speaking",speech
7a5qWbWdFtQ_000201.mp4,playing clarinet,music
xxtGgWR7QIc_000390.mp4,"female speech, woman speaking",speech
BU3BwS9Biys_000005.mp4,"male speech, man speaking",speech
LeCxSLxCUE8_000200.mp4,"child speech, kid speaking",speech
lQdfcH8zaek_000070.mp4,dog barking,others
cFiwWgMXnaE_000030.mp4,playing accordion,music
zFfNAuHKoQc_000180.mp4,playing clarinet,music
32nDQlgpVX4_000060.mp4,"child speech, kid speaking",speech
Na746nI_2Rw_000000.mp4,playing piano,music
4V5BVqRUJH8_000020.mp4,dog barking,others
SKzerhkLfiE_000030.mp4,"child speech, kid speaking",speech
G5W1JBEoMUY_000061.mp4,playing accordion,music
zSQJHvbOTfM_000030.mp4,"male speech, man speaking",speech
TMhjCrzEyeE_000400.mp4,"female speech, woman speaking",speech
j3E7fKz-k4c_000350.mp4,"male speech, man speaking",speech
cvDskipb_Wk_000030.mp4,playing clarinet,music
hteXJX4jkIw_000090.mp4,playing accordion,music
toaAuv7pELo_000004.mp4,dog barking,others
Tfpc2NvIVLk_000350.mp4,playing clarinet,music
e-QmxOpTUss_000000.mp4,playing piano,music
P5V9zJFKaHc_000060.mp4,"male speech, man speaking",speech
tZ1uhLB2PSM_000050.mp4,playing piano,music
03-HWGOFvHQ_000100.mp4,"child speech, kid speaking",speech
d2WL9ahhnhk_000010.mp4,playing piano,music
Cn8-CibBKkE_000212.mp4,playing clarinet,music
D__R4eKEmUY_000017.mp4,"male speech, man speaking",speech
AhzaK-oZmjg_000053.mp4,playing clarinet,music
jbMkptTaVa0_000246.mp4,playing clarinet,music
rkCEG_9wYHs_000210.mp4,"child speech, kid speaking",speech
DqilE4AAa-M_000030.mp4,"male speech, man speaking",speech
UAqKWBqlvTQ_000030.mp4,thunder,others
Xdy5Ow6vk04_000030.mp4,playing piano,music
EQTa-Zl1YWg_000050.mp4,"child speech, kid speaking",speech
-DXYTmYqglE_000030.mp4,"male speech, man speaking",speech
3H8pdyG9Wso_000030.mp4,"male speech, man speaking",speech
VlH5nvvazcc_000020.mp4,dog barking,others
-ZxeTc-2Gy8_000030.mp4,"male speech, man speaking",speech
emCPLXdSvLY_000290.mp4,thunder,others
l4ywmLbBhh0_000180.mp4,"child speech, kid speaking",speech
-hj4ZnuR6eA_000170.mp4,playing clarinet,music
dyQa6qv3p8M_000626.mp4,playing piano,music
eX7f47HaYog_000060.mp4,"child speech, kid speaking",speech
7wpfXEJ4R0E_000030.mp4,"child speech, kid speaking",speech
F958l1H5Hzs_000160.mp4,playing piano,music
fdXiiwlmRNQ_000000.mp4,"child speech, kid speaking",speech
zzFtpFDunYQ_000000.mp4,playing accordion,music
AXRaTbTtyK4_000030.mp4,"male speech, man speaking",speech
DpVQhM2fxSo_000070.mp4,playing piano,music
pQ9Xno3Pcqg_000030.mp4,playing accordion,music
CNmf1vehl-4_000200.mp4,"child speech, kid speaking",speech
bDoGTRe98EE_000000.mp4,dog barking,others
0BDGdUr1N6Y_000030.mp4,"female speech, woman speaking",speech
arGG0kirK_Y_000031.mp4,playing clarinet,music
M6_yuMaYxFk_000120.mp4,playing piano,music
iuY0TjxILx4_000070.mp4,"female speech, woman speaking",speech
_imIQdMKbpI_000190.mp4,playing clarinet,music
YAQgZyyDAmo_000030.mp4,"female speech, woman speaking",speech
qhMiugUcUtQ_000160.mp4,"child speech, kid speaking",speech
AlgjleXmAhg_000330.mp4,"child speech, kid speaking",speech
b0JnrO4Asxk_000030.mp4,playing accordion,music
2hG4FANsOQg_000030.mp4,"female speech, woman speaking",speech
ZEdwqSR9MBc_000030.mp4,playing piano,music
-mWdbAp_ln8_000120.mp4,"child speech, kid speaking",speech
hdXKCV5BMcs_000100.mp4,"male speech, man speaking",speech
mnTZy6H9yb0_000030.mp4,"child speech, kid speaking",speech
6G5ClEBKC7s_000020.mp4,"child speech, kid speaking",speech
OuWDUpSwwls_000280.mp4,playing piano,music
yFD31CdnjRY_000090.mp4,playing accordion,music
0jJ92N6nrdY_000000.mp4,playing clarinet,music
hNwzGMEmk-0_000319.mp4,playing accordion,music
8Yusmkj9ULk_000573.mp4,playing clarinet,music
pNH5PBWWCeM_000270.mp4,playing clarinet,music
uD0vRXUBfYw_000180.mp4,"female speech, woman speaking",speech
cOOJQRCP7bk_000070.mp4,playing accordion,music
Rnl06mksbuY_000250.mp4,thunder,others
i6Rvd7pPfGU_000080.mp4,playing piano,music
xTSWnCiApuw_000190.mp4,thunder,others
L3N7k3-FVl0_000203.mp4,playing accordion,music
0r2pn8X1x0E_000010.mp4,"male speech, man speaking",speech
l0IRxx2HYnE_000230.mp4,playing piano,music
bLlTCoppI68_000000.mp4,playing clarinet,music
-U_T33UO3pc_000400.mp4,dog barking,others
cf-Qx5yVdoU_000150.mp4,"child speech, kid speaking",speech
toxk6T85Rh4_000020.mp4,playing piano,music
XTfzHb4OaIc_000370.mp4,"child speech, kid speaking",speech
49KZ3abYtjQ_000050.mp4,dog barking,others
4h9o2iL6nps_000050.mp4,"child speech, kid speaking",speech
UDxSzzGgyHA_000140.mp4,dog barking,others
THE3cwtU4aw_000130.mp4,thunder,others
FukuGQDVe38_000130.mp4,playing piano,music
3ZErCskXIHs_000150.mp4,playing piano,music
XYxGwQb7_9Y_000080.mp4,"child speech, kid speaking",speech
fX00fHpXOAQ_000056.mp4,dog barking,others
AO38lu-n3vs_000030.mp4,"male speech, man speaking",speech
AQjqSPYQTD0_000030.mp4,playing accordion,music
8aaN7sSloU8_000060.mp4,playing clarinet,music
g2X7IbEaMZY_000000.mp4,thunder,others
7A8ub4EVF7k_000050.mp4,"male speech, man speaking",speech
4gr2Se5WKP4_000030.mp4,"female speech, woman speaking",speech
Di4vR2hW6aA_000028.mp4,dog barking,others
9H4KE8In7vo_000000.mp4,"child speech, kid speaking",speech
8PzT6JX26V0_000030.mp4,"female speech, woman speaking",speech
ga_ONeH9MH4_000020.mp4,"child speech, kid speaking",speech
EYG_7ofmqRg_000025.mp4,dog barking,others
U66IsxkhNsY_000250.mp4,"female speech, woman speaking",speech
8dkVfZKiWs0_000110.mp4,"female speech, woman speaking",speech
4wszySOJd10_000181.mp4,playing clarinet,music
k6kSok0VuuE_000300.mp4,"child speech, kid speaking",speech
AAeMyQ2c7ms_000030.mp4,playing accordion,music
8uQh3kXo2dM_000030.mp4,thunder,others
ALeNkusdPMc_000143.mp4,playing accordion,music
-GoRzL3w8xw_000030.mp4,"male speech, man speaking",speech
BKmgqif0GnY_000013.mp4,dog barking,others
1DdHREPygtw_000030.mp4,"male speech, man speaking",speech
zuByvM9lJSQ_000030.mp4,thunder,others
Y5uZsNjyhNE_000030.mp4,playing accordion,music
KXMjrVMdiXQ_000020.mp4,playing piano,music
8xmpunA8nko_000030.mp4,"female speech, woman speaking",speech
44B0YpsGVvE_000030.mp4,"male speech, man speaking",speech
3DhtmTYfF2E_000030.mp4,"child speech, kid speaking",speech
Kgn7Ufwgk0c_000310.mp4,"child speech, kid speaking",speech
fBie_fjGNC4_000100.mp4,playing clarinet,music
wYR6mEEDX3Y_000060.mp4,playing clarinet,music
xq57ZezsF64_000110.mp4,playing accordion,music
uCn4RPs8XeM_000020.mp4,"child speech, kid speaking",speech
oCaCPgkHlLk_000000.mp4,"male speech, man speaking",speech
h9wQusLNjTE_000150.mp4,playing accordion,music
J3ia25g2m-I_000000.mp4,playing piano,music
hHIlL4L01Bk_000010.mp4,"child speech, kid speaking",speech
idVrL0DWULc_000000.mp4,playing piano,music
Ptzw1DgLucg_000170.mp4,playing piano,music
yZexU0oErys_000030.mp4,playing accordion,music
5NReawzZDnE_000030.mp4,"male speech, man speaking",speech
3ZDqlRN2xQI_000030.mp4,"male speech, man speaking",speech
WTuBSDwwhns_000540.mp4,"child speech, kid speaking",speech
YbMAJlkvuyQ_000030.mp4,thunder,others
wIXFkEFNn8c_000030.mp4,playing clarinet,music
NQWLCH9gQ7Y_000170.mp4,playing piano,music
0BmZe3LTIvY_000030.mp4,"male speech, man speaking",speech
4Da7jd7y6tQ_000030.mp4,"female speech, woman speaking",speech
yGclimASf1o_000030.mp4,"female speech, woman speaking",speech
mH27QUJwxjA_000190.mp4,playing piano,music
s4lsXWfZ324_000010.mp4,dog barking,others
-V2uLG7pjnc_000000.mp4,playing clarinet,music
_R8td2L0Bx4_000270.mp4,playing piano,music
0WMRsztTttc_000060.mp4,playing accordion,music
__1vyB8RU7U_000010.mp4,"child speech, kid speaking",speech
-EWyYYBHsbQ_000030.mp4,"male speech, man speaking",speech
uWTuBMkUHNE_000040.mp4,playing accordion,music
ugmp2dSs0ds_000050.mp4,"child speech, kid speaking",speech
dUEGUl0Rqx4_000040.mp4,"child speech, kid speaking",speech
CxVSp_s0n2c_000442.mp4,"female speech, woman speaking",speech
Qdd6JN19sOs_000036.mp4,playing piano,music
fY8CIMwFQvQ_000030.mp4,playing accordion,music
50gCCFjjY8s_000030.mp4,"male speech, man speaking",speech
6yO-UmxswYc_000260.mp4,playing clarinet,music
s3XpZTnDUKA_000040.mp4,playing accordion,music
q8JpCgDkZZU_000030.mp4,playing accordion,music
fwrn76xuglA_000030.mp4,playing accordion,music
iNrEvZSQLl8_000019.mp4,playing accordion,music
BfhmyBlKMlc_000480.mp4,"female speech, woman speaking",speech
w3UhVMZuBjY_000090.mp4,playing accordion,music
okI1mqfbBek_000010.mp4,playing accordion,music
4T2jGvAx2aY_000030.mp4,"male speech, man speaking",speech
0jDIN0R1sh8_000030.mp4,"female speech, woman speaking",speech
K9exdKJkumA_000040.mp4,playing clarinet,music
1WVuvMIKi7o_000050.mp4,dog barking,others
X2-8HbB_TRE_000030.mp4,"child speech, kid speaking",speech
PsoekxS0VqQ_000090.mp4,playing clarinet,music
8G_8jAHvNfg_000170.mp4,"female speech, woman speaking",speech
vOSjoDmTwE0_000060.mp4,playing piano,music
O_JkhFuzEoo_000086.mp4,playing clarinet,music
lUCs-h4pA3I_000100.mp4,playing clarinet,music
uF3BEt7pLFY_000020.mp4,"female speech, woman speaking",speech
70-a9PKf_NM_000430.mp4,playing accordion,music
5BWvbvyltJw_000030.mp4,"male speech, man speaking",speech
13oB1_84jpA_000030.mp4,"female speech, woman speaking",speech
DHapCRPNc1M_000030.mp4,"female speech, woman speaking",speech
0nwvvx5RRI8_000030.mp4,"male speech, man speaking",speech
afDRYnKcJ-k_000100.mp4,dog barking,others
-G5JuwEUxjM_000030.mp4,playing accordion,music
0uMeywhlq7w_000030.mp4,"female speech, woman speaking",speech
vtv6SW3Wock_000110.mp4,playing piano,music
h8TD7MW3wZI_000220.mp4,"female speech, woman speaking",speech
rSeAuIzgmjY_000030.mp4,playing accordion,music
jpV4Z-HJF_g_000028.mp4,playing clarinet,music
_RBV4hHznP0_000080.mp4,playing piano,music
dj_LvYzI0t4_000050.mp4,playing piano,music
-fbOcOu0zyE_000030.mp4,"female speech, woman speaking",speech
XOTSovKwxLk_000030.mp4,"child speech, kid speaking",speech
4LsKECJAmR4_000030.mp4,"female speech, woman speaking",speech
i7VpUHIvs7o_000037.mp4,playing piano,music
eUiqBVUkkVY_000050.mp4,playing piano,music
PY4304sV5fY_000105.mp4,playing piano,music
p-iFl4qhBsE_000047.mp4,"female speech, woman speaking",speech
4LNLAVmw1Dw_000010.mp4,playing piano,music
Erao8cUTUyo_000030.mp4,"child speech, kid speaking",speech
hL66qmxPRQM_000270.mp4,playing piano,music
5csyeJ9nUS0_000180.mp4,playing accordion,music
RqrW2mSqxxE_000100.mp4,"female speech, woman speaking",speech
82HgNn0RN0U_000110.mp4,playing piano,music
H-XCKelYUdY_000030.mp4,playing accordion,music
F1XkfeuXFV0_000030.mp4,playing piano,music
TivpAj7R8ns_000060.mp4,playing piano,music
9G0ow3gX66Y_000110.mp4,"female speech, woman speaking",speech
DtRqBLRUTRo_000099.mp4,playing clarinet,music
KjGjVsWAfBk_000002.mp4,dog barking,others
1NwFHr4VHS0_000090.mp4,playing clarinet,music
84aO7iOmDCA_000001.mp4,playing clarinet,music
8BikK9S-T3Y_000016.mp4,"female speech, woman speaking",speech
t4t2VmCdGpE_000060.mp4,"child speech, kid speaking",speech
okW-Rk_vGJA_000220.mp4,"child speech, kid speaking",speech
mPc84ZLSKr8_000140.mp4,"child speech, kid speaking",speech
YjJAXqI6r_0_000000.mp4,"female speech, woman speaking",speech
UI9FQzMu6EM_000050.mp4,"child speech, kid speaking",speech
159IaHPoOCg_000030.mp4,"male speech, man speaking",speech
Do7Vn00En_E_000080.mp4,playing piano,music
ARQPS5Gk0Yw_000060.mp4,playing accordion,music
B8Mrt4fsD8E_000030.mp4,"male speech, man speaking",speech
dGeeL_veC5k_000240.mp4,playing piano,music
PqkzA4iD4Vg_000090.mp4,playing piano,music
ghjsa1KV5e0_000120.mp4,playing piano,music
lHhlNjX-le0_000190.mp4,"female speech, woman speaking",speech
xfhNXp6r3T4_000030.mp4,playing piano,music
9_Xv5IxwCwg_000070.mp4,playing clarinet,music
_XTUZemO-0A_000430.mp4,thunder,others
qDD6KIoa8c0_000010.mp4,dog barking,others
7iDeT13gpsw_000030.mp4,"male speech, man speaking",speech
beWd-QVaHp4_000185.mp4,playing clarinet,music
kGGDpL7NeQg_000180.mp4,playing piano,music
MGxjzhNtH6A_000020.mp4,dog barking,others
seRZjbGT4vQ_000130.mp4,playing accordion,music
9V9TZ_H9S3A_000000.mp4,playing piano,music
U0GEAaD9ooM_000010.mp4,"child speech, kid speaking",speech
1-3nedESLZs_000030.mp4,playing piano,music
CBI_BX0GEfQ_000030.mp4,"male speech, man speaking",speech
yPTOnmzsDeM_000330.mp4,"child speech, kid speaking",speech
OWmKuN2EQxA_000030.mp4,playing accordion,music
D0o8vEFgjTY_000030.mp4,"male speech, man speaking",speech
B9g98hgYM5g_000030.mp4,"male speech, man speaking",speech
2HYVk5iH3NU_000030.mp4,"male speech, man speaking",speech
LCBC3QNeT8c_000010.mp4,"child speech, kid speaking",speech
Djbduqlmc-g_000030.mp4,"female speech, woman speaking",speech
t9w7itPYGlY_000100.mp4,playing piano,music
giuHZQpdxKQ_000032.mp4,playing accordion,music
tv-_Uo6U-q0_000060.mp4,playing clarinet,music
7RxjqWvSxss_000360.mp4,thunder,others
w_467jfkgbI_000023.mp4,playing clarinet,music
lurSyWX0qa4_000550.mp4,"child speech, kid speaking",speech
ji6L2rBYDKQ_000070.mp4,dog barking,others
0woZIMV4oUY_000020.mp4,playing accordion,music
NerNA_piXVY_000040.mp4,playing clarinet,music
4zMsAMHa96E_000374.mp4,playing clarinet,music
ILGttENN29k_000020.mp4,"child speech, kid speaking",speech
hNwzGMEmk-0_000067.mp4,playing accordion,music
yonbel7O6TA_000010.mp4,dog barking,others
WxgNhBQmMi4_000100.mp4,"male speech, man speaking",speech
hwTHurKwSi4_000060.mp4,"child speech, kid speaking",speech
63wYNqnPxd4_000030.mp4,"female speech, woman speaking",speech
AiW-yVn_X4s_000030.mp4,"female speech, woman speaking",speech
vAvrWps8NNg_000140.mp4,playing piano,music
2BaxsC97tzI_000000.mp4,playing piano,music
K9SKSIp6TUw_000090.mp4,"male speech, man speaking",speech
5XJCM4-UJtE_000030.mp4,"male speech, man speaking",speech
CaHeG5wiL9A_000030.mp4,thunder,others
oJWuX9F9sxE_000320.mp4,playing piano,music
h360xgLRm0Q_000110.mp4,playing accordion,music
BDSCQD3wElA_000200.mp4,"female speech, woman speaking",speech
WR_p40t9mOw_000200.mp4,"child speech, kid speaking",speech
m5qM3RB5A0E_000030.mp4,"male speech, man speaking",speech
llMIbS-sftg_000000.mp4,"female speech, woman speaking",speech
8-h8-RdV-5s_000030.mp4,playing accordion,music
pm6P94BJ8c8_000060.mp4,dog barking,others
eZeWOTJpFTw_000170.mp4,"child speech, kid speaking",speech
emDw-ZPUu8Y_000080.mp4,playing clarinet,music
kyGiigtpQ90_000280.mp4,"child speech, kid speaking",speech
IGRQ57WD7Pg_000100.mp4,dog barking,others
eN3Ikew2bis_000069.mp4,playing clarinet,music
ALGxqZ6rxT4_000030.mp4,"female speech, woman speaking",speech
TNk65qK0ZL8_000030.mp4,playing accordion,music
deJfIZ1ln2Q_000030.mp4,playing accordion,music
4Y2P_sMaa_I_000030.mp4,"female speech, woman speaking",speech
7sWHmV0_Eus_000030.mp4,"male speech, man speaking",speech
1HxILZZvXRU_000030.mp4,playing piano,music
E2iZO5gz_Xw_000030.mp4,"male speech, man speaking",speech
xWNYSUeewxk_000113.mp4,"female speech, woman speaking",speech
9ka2ukd8NJM_000030.mp4,"male speech, man speaking",speech
0KNSkPmmqWg_000467.mp4,playing accordion,music
1H7qOHW0K_g_000030.mp4,"female speech, woman speaking",speech
zr14QGdVbsU_000020.mp4,dog barking,others
lqHzZ3zn6S0_000000.mp4,dog barking,others
-v1p5WprSzI_000030.mp4,"male speech, man speaking",speech
92vVMZ4Zkcc_000000.mp4,dog barking,others
2Vhk3rXBycM_000030.mp4,"female speech, woman speaking",speech
oHcoKivBU3s_000220.mp4,playing accordion,music
b_IzCm-qu50_000060.mp4,playing clarinet,music
78V3nblykiU_000042.mp4,playing piano,music
N-UeTwaW5UQ_000030.mp4,dog barking,others
7T7DRCRCiuQ_000130.mp4,"female speech, woman speaking",speech
TihV_QvPCkY_000050.mp4,playing accordion,music
J2h-92FiFYU_000070.mp4,"child speech, kid speaking",speech
OgsZE56lMgA_000190.mp4,playing piano,music
_J2zfC3CXOg_000290.mp4,playing clarinet,music
TxAkWXZ_x3g_000070.mp4,"child speech, kid speaking",speech
R9SZ7bO079Y_000160.mp4,playing clarinet,music
eAHDOCVNqlA_000030.mp4,playing piano,music
uBsAyt0hNY0_000030.mp4,playing clarinet,music
XbdY6JtnE8w_000000.mp4,playing accordion,music
BhpfgWOVNcg_000030.mp4,"female speech, woman speaking",speech
lBMPcBKvSs8_000030.mp4,playing accordion,music
fCRo_inzb2A_000030.mp4,"female speech, woman speaking",speech
4W-pEqrHcGY_000110.mp4,playing piano,music
A6N3PuDHjfk_000020.mp4,playing accordion,music
wIscY4HkOv8_000000.mp4,dog barking,others
hmHeTpcPc30_000100.mp4,"male speech, man speaking",speech
NWjG0HZx1rE_000050.mp4,playing piano,music
AbDl0oD09pM_000030.mp4,"male speech, man speaking",speech
bjHPNqGWmcE_000000.mp4,thunder,others
me0jKIzKyK4_000010.mp4,"child speech, kid speaking",speech
gTTLRReWORg_000000.mp4,playing clarinet,music
aqGVIZmVLuQ_000150.mp4,playing piano,music
6cnGcFSqP0w_000040.mp4,"child speech, kid speaking",speech
SMw6bAeB684_000360.mp4,"child speech, kid speaking",speech
Elvv5PINM-Y_000140.mp4,playing clarinet,music
ljEuuECk9I0_000040.mp4,playing clarinet,music
9sI2TE2HciU_000030.mp4,"male speech, man speaking",speech
FFcICFIuQ9g_000070.mp4,"child speech, kid speaking",speech
4VQDvYhP2rE_000030.mp4,"female speech, woman speaking",speech
nlAZU_Hrd78_000087.mp4,playing accordion,music
Q8hj8eYK6gc_000115.mp4,playing clarinet,music
YzLOvo32QHk_000290.mp4,playing piano,music
CM49C3RkzV8_000030.mp4,"female speech, woman speaking",speech
0eNfQDAbn_Y_000020.mp4,dog barking,others
-STtkmEp8Ao_000030.mp4,"female speech, woman speaking",speech
ZXZzj_3j26s_000008.mp4,playing clarinet,music
_vMSsZLaKU8_000040.mp4,playing piano,music
f_4f7lEbr74_000010.mp4,dog barking,others
7WG3wAJhO_g_000250.mp4,playing piano,music
BSRHPOxxlDI_000030.mp4,"child speech, kid speaking",speech
1V0Yoxn9Aa8_000030.mp4,"male speech, man speaking",speech
qgx4PVoTkFI_000086.mp4,playing clarinet,music
SZMgyrngUik_000030.mp4,playing accordion,music
xKYys0QOrIU_000280.mp4,"child speech, kid speaking",speech
B9uAcbxKqH0_000140.mp4,playing accordion,music
UbwL4FjlZW8_000030.mp4,playing piano,music
MO016m1JHFI_000008.mp4,playing piano,music
qjtpWY6DNbo_000290.mp4,"child speech, kid speaking",speech
md_F4OSSc48_000170.mp4,playing piano,music
fNFXzg0YYqI_000399.mp4,playing piano,music
_ViRW3x0Ivo_000100.mp4,"child speech, kid speaking",speech
pshc3VbRB1c_000049.mp4,playing clarinet,music
bCXt9qe-LuE_000130.mp4,playing accordion,music
HYj4_-EroNo_000078.mp4,"female speech, woman speaking",speech
xU4m1Crs0IU_000070.mp4,playing clarinet,music
zuHukFWLk5c_000090.mp4,playing piano,music
sg7xGSPJDRM_000030.mp4,playing clarinet,music
zMibV3pJn-Q_000470.mp4,"child speech, kid speaking",speech
E9_ezJdqVOQ_000030.mp4,"female speech, woman speaking",speech
ogSpZJJMbjk_000022.mp4,dog barking,others
QJfwvR_i26o_000100.mp4,"child speech, kid speaking",speech
RlBDvwahsBs_000050.mp4,playing accordion,music
P-iJ2Avh5hM_000030.mp4,playing piano,music
tyS-cne56-0_000530.mp4,"female speech, woman speaking",speech
EAlpf1iafsQ_000030.mp4,"male speech, man speaking",speech
aekpFcDUAqU_000156.mp4,playing clarinet,music
JC33o6YxH9c_000220.mp4,playing piano,music
MuCu2yelJgE_000000.mp4,playing accordion,music
3uNcvtjT8Pk_000030.mp4,"female speech, woman speaking",speech
f9LTT6oZbdI_000030.mp4,"child speech, kid speaking",speech
CTtc7R99ur8_000030.mp4,playing accordion,music
OxEqaY0qDsE_000170.mp4,playing clarinet,music
fUII80Rr8LU_000100.mp4,playing accordion,music
Q4tNm73cBC4_000020.mp4,dog barking,others
dUmk9tNYBEU_000050.mp4,thunder,others
15u2AQE0CM0_000030.mp4,"male speech, man speaking",speech
BimPyTumeRc_000030.mp4,"female speech, woman speaking",speech
-VIDhMaXaSA_000100.mp4,playing piano,music
_5n9bckN6zI_000030.mp4,playing accordion,music
uSdYQJi1q1Y_000400.mp4,playing piano,music
nvqZQr3SAQs_000070.mp4,playing piano,music
6eBWfUTgEsM_000030.mp4,"female speech, woman speaking",speech
-svl89zIevs_000190.mp4,playing piano,music
rVH1U79WNpU_000030.mp4,playing accordion,music
woYbs2d0ty8_000530.mp4,"female speech, woman speaking",speech
CqlrgvbuVoc_000270.mp4,"female speech, woman speaking",speech
VE1n9RY1WdM_000030.mp4,playing accordion,music
c6XGS9Yk6L4_000020.mp4,playing clarinet,music
97b8Z_Kn1SE_000030.mp4,"male speech, man speaking",speech
1hj7HqQH4AA_000030.mp4,"female speech, woman speaking",speech
eax9uKSAKrA_000100.mp4,playing piano,music
MdDixCvbEU8_000556.mp4,playing accordion,music
VxWUmc6ndRs_000050.mp4,dog barking,others
CmDCL4FY0G4_000030.mp4,"male speech, man speaking",speech
7S0ruvRSZWg_000040.mp4,"female speech, woman speaking",speech
5eu8XKs-H-M_000060.mp4,dog barking,others
AJWsfbp_xuA_000030.mp4,"male speech, man speaking",speech
gTa5Yd8Jk3A_000280.mp4,playing clarinet,music
9g_mXJ4Rxa8_000050.mp4,playing accordion,music
_WQQ3QvGrYw_000340.mp4,"child speech, kid speaking",speech
d75yLJ8OHnI_000030.mp4,playing accordion,music
waSrSsZp-Sw_000070.mp4,"child speech, kid speaking",speech
4BiiXbPZdvE_000050.mp4,playing piano,music
uMUUMTTa3fE_000030.mp4,playing accordion,music
UeCkRYU_SuM_000100.mp4,playing accordion,music
xFWvuRkMNws_000540.mp4,"female speech, woman speaking",speech
hEvM-RUHXaw_000030.mp4,playing piano,music
BZN06Jw6rPc_000030.mp4,"child speech, kid speaking",speech
F5viHJ07fNM_000031.mp4,playing accordion,music
0G95vM-n_I8_000030.mp4,"female speech, woman speaking",speech
n6gmRnKzyzA_000160.mp4,playing piano,music
XmWX6S8Kmdo_000030.mp4,playing piano,music
CQ_C6C-Loa8_000250.mp4,"female speech, woman speaking",speech
l7UJKNzBRXk_000160.mp4,playing piano,music
LDOJibjJ12U_000120.mp4,"female speech, woman speaking",speech
xor3aDxwvGU_000150.mp4,"female speech, woman speaking",speech
ja-25df7jT4_000076.mp4,playing accordion,music
G-j8kV6z89g_000030.mp4,playing piano,music
Pgw5p6gLKWQ_000070.mp4,playing accordion,music
ZKe5RDKF_d0_000040.mp4,playing clarinet,music
O1llCKeWM9A_000094.mp4,playing clarinet,music
K0SPQE_KT7Q_000350.mp4,"child speech, kid speaking",speech
-cOAWp1vWHU_000030.mp4,"female speech, woman speaking",speech
5IU4puYETJ0_000030.mp4,"male speech, man speaking",speech
DwGQr9Wd2ig_000030.mp4,"female speech, woman speaking",speech
DuYDDdcT-DM_000010.mp4,dog barking,others
VibgPsLeTdU_000030.mp4,"male speech, man speaking",speech
fq6ihlROK9o_000030.mp4,playing piano,music
cHEMjedSWt0_000080.mp4,dog barking,others
0Kj4RTiyczw_000011.mp4,playing clarinet,music
4aU1w7pqJGU_000130.mp4,"child speech, kid speaking",speech
DDKmVgSHEcY_000030.mp4,"male speech, man speaking",speech
uhPhK57_Hbo_000096.mp4,playing accordion,music
-AWooU1PDiM_000070.mp4,dog barking,others
RC9kVqTYByc_000150.mp4,"female speech, woman speaking",speech
0SLli-eh_Dw_000030.mp4,"male speech, man speaking",speech
DzBBNs8emsE_000000.mp4,thunder,others
A-sjfm3inho_000030.mp4,"female speech, woman speaking",speech
LHKj6nK0Pa8_000030.mp4,playing accordion,music
0tn_A_-AlSM_000030.mp4,"female speech, woman speaking",speech
9b_5OL9SSGc_000160.mp4,"child speech, kid speaking",speech
Ty5GtWNh370_000230.mp4,"child speech, kid speaking",speech
5BUDlSPI1Vs_000040.mp4,"child speech, kid speaking",speech
8-wxCl0wLs8_000030.mp4,"female speech, woman speaking",speech
-hh0fEaKPXM_000030.mp4,"female speech, woman speaking",speech
zQUNpc3WLYA_000271.mp4,playing clarinet,music
3JoQa7hanYw_000190.mp4,"child speech, kid speaking",speech
3mPTShE2fHo_000151.mp4,playing clarinet,music
3Ca7-CNE2zE_000030.mp4,"male speech, man speaking",speech
ET9kOjyP_tk_000030.mp4,"male speech, man speaking",speech
EGbt_SwYw1o_000030.mp4,"male speech, man speaking",speech
sWyDqYZ5XAc_000080.mp4,"child speech, kid speaking",speech
KzZw5MYSzQc_000050.mp4,playing accordion,music
4lmDnGe6oOM_000030.mp4,"male speech, man speaking",speech
kfWrjjG45x4_000020.mp4,"child speech, kid speaking",speech
S41W4yoZOd8_000030.mp4,playing accordion,music
M_O-ONzoj-E_000230.mp4,"female speech, woman speaking",speech
VEIw97s0aA8_000010.mp4,"child speech, kid speaking",speech
IzwFRT68fAg_000170.mp4,playing piano,music
MlooTw6qHp4_000000.mp4,dog barking,others
rNIyyT4_x3w_000170.mp4,"child speech, kid speaking",speech
1gtmnXtBBvw_000030.mp4,"male speech, man speaking",speech
wiKeubYBEjI_000090.mp4,"child speech, kid speaking",speech
-Clf9NLbd9c_000030.mp4,"male speech, man speaking",speech
_6Mz0bOmIKI_000090.mp4,"child speech, kid speaking",speech
clFyre-E-TI_000500.mp4,"child speech, kid speaking",speech
9wrVqXB_xsw_000030.mp4,"male speech, man speaking",speech
7W3cwaYDvJ0_000530.mp4,thunder,others
yQY-3Ofoh0I_000230.mp4,"child speech, kid speaking",speech
6AP5yfUvnho_000010.mp4,"child speech, kid speaking",speech
O_JkhFuzEoo_000121.mp4,playing clarinet,music
7l7ahtEKfRs_000030.mp4,"male speech, man speaking",speech
HKKhcfT2goA_000090.mp4,playing clarinet,music
vjUT3lL7O6Q_000488.mp4,playing clarinet,music
ajU9AbPzQNU_000290.mp4,playing piano,music
GSyA_x0Mv68_000010.mp4,dog barking,others
AeAQTAIugf4_000440.mp4,"child speech, kid speaking",speech
ISoElB3H3tE_000030.mp4,dog barking,others
nVDZysthRSg_000000.mp4,playing accordion,music
fSZzyGAZ1Pg_000070.mp4,"female speech, woman speaking",speech
SvZCJGZVMxE_000064.mp4,playing accordion,music
eyFSi1BDQyI_000000.mp4,dog barking,others
9EyPffi6mng_000090.mp4,"female speech, woman speaking",speech
RRUXvtdajDc_000010.mp4,"child speech, kid speaking",speech
rYlSt7lc5mA_000020.mp4,playing clarinet,music
hnqPltW10Zo_000081.mp4,dog barking,others
WsAyL3qpoz8_000100.mp4,"child speech, kid speaking",speech
OshKRviR3xg_000040.mp4,"male speech, man speaking",speech
8E9i__RmVHE_000000.mp4,playing accordion,music
mjL6hXqvUpo_000019.mp4,playing clarinet,music
mp8-O-SDxmQ_000150.mp4,thunder,others
ZIjR6vp5MRw_000090.mp4,playing accordion,music
DIK_y189Q64_000060.mp4,playing piano,music
FfXtqGy2joM_000320.mp4,playing clarinet,music
MBlWK7fmXhM_000060.mp4,playing accordion,music
xyvbSp51GFU_000220.mp4,playing piano,music
JBW3_d5Z0MI_000392.mp4,playing clarinet,music
Zc1ZXm-rFLA_000109.mp4,playing accordion,music
3En2hFi_QyM_000030.mp4,"male speech, man speaking",speech
Oz9RpapKTFQ_000060.mp4,"child speech, kid speaking",speech
vVTxJkGpcJs_000050.mp4,"child speech, kid speaking",speech
1sDKR0cDd8c_000030.mp4,"male speech, man speaking",speech
L8Jov9qZMw0_000160.mp4,playing accordion,music
-hqM85LZw7c_000020.mp4,dog barking,others
D5k4xss39XM_000280.mp4,playing piano,music
GOSEVs-vFDk_000210.mp4,playing clarinet,music
6hvB_vTvVao_000030.mp4,"male speech, man speaking",speech
0jE2g055zRA_000006.mp4,playing clarinet,music
xWpEALI9EmY_000170.mp4,playing piano,music
47QrVcM837Y_000040.mp4,"child speech, kid speaking",speech
CVxeB259h3I_000030.mp4,"child speech, kid speaking",speech
ZFLEgkYWd9o_000070.mp4,thunder,others
hvMVOIyDgvc_000203.mp4,dog barking,others
IdI5sEKGWtE_000580.mp4,"male speech, man speaking",speech
XXwnh2r6q4s_000080.mp4,playing piano,music
lXomrow5aZ4_000014.mp4,playing piano,music
YwyJgXXuEAc_000100.mp4,playing clarinet,music
h3M3gVOa4L0_000019.mp4,playing clarinet,music
cOCvrRkr7Dc_000010.mp4,dog barking,others
9R8fVnUjmIc_000030.mp4,"male speech, man speaking",speech
Dy-eqNKnLPo_000130.mp4,"child speech, kid speaking",speech
9FfuTKxPMac_000030.mp4,"child speech, kid speaking",speech
5H4sD4YIo1g_000040.mp4,dog barking,others
d_aFuxkx4B0_000045.mp4,playing accordion,music
0B4Zd7MJYjk_000030.mp4,"female speech, woman speaking",speech
UcB-6Qqv9b0_000000.mp4,playing clarinet,music
8OPo9TkFjIs_000030.mp4,"male speech, man speaking",speech
2jIv5qBTS88_000009.mp4,dog barking,others
08jTes_lxWU_000000.mp4,thunder,others
77gagnj481E_000030.mp4,"child speech, kid speaking",speech
-o_pnWgdfSI_000030.mp4,"female speech, woman speaking",speech
zwu6RhBaChw_000010.mp4,thunder,others
Y0rtYXj8-Xc_000090.mp4,"child speech, kid speaking",speech
M5yUj3pViIQ_000060.mp4,playing clarinet,music
qKAm0xTpoDU_000220.mp4,playing clarinet,music
TfoJUAB2rcU_000569.mp4,thunder,others
8Yusmkj9ULk_000803.mp4,playing clarinet,music
2kWZDxzCT-Y_000030.mp4,"male speech, man speaking",speech
-cCfCIFoQDY_000050.mp4,"female speech, woman speaking",speech
PGCx00Q274k_000266.mp4,"child speech, kid speaking",speech
bRevW-VRpDk_000500.mp4,playing clarinet,music
jdxIVP47EV0_000070.mp4,playing accordion,music
pDhluIk_4Ww_000000.mp4,playing clarinet,music
mS9xiEJ2Mvg_000130.mp4,"female speech, woman speaking",speech
dP7VSk_ZB14_000028.mp4,playing accordion,music
0JzrYb6C6q0_000030.mp4,"male speech, man speaking",speech
q2_ymCGpJdE_000180.mp4,playing accordion,music
7AQP6VlAt7M_000029.mp4,playing piano,music
CC7Eqrx2J4c_000030.mp4,"male speech, man speaking",speech
EWNHazNagfo_000030.mp4,"female speech, woman speaking",speech
0JPlNHX2HQ8_000049.mp4,playing accordion,music
WpxIi8bu_io_000030.mp4,playing accordion,music
1hxCGlA5oJQ_000030.mp4,"male speech, man speaking",speech
CArbIW4wSvI_000030.mp4,"female speech, woman speaking",speech
M3CVUyvt5Lw_000150.mp4,thunder,others
Jik8dOpdlrQ_000030.mp4,playing accordion,music
lBnep1bxQFI_000110.mp4,"female speech, woman speaking",speech
5nmzCOSaNo8_000030.mp4,"female speech, woman speaking",speech
dLWz1J9rj9E_000010.mp4,"child speech, kid speaking",speech
RVYyr7RO8ck_000080.mp4,dog barking,others
_UZzEZ-uDEk_000130.mp4,"child speech, kid speaking",speech
xgNmQ9sPOWY_000030.mp4,playing piano,music
kK8K8DQySFA_000110.mp4,dog barking,others
RgacSVOjh1Q_000050.mp4,"child speech, kid speaking",speech
FfAGd9uFcuc_000029.mp4,playing clarinet,music
dYVGtg00ewE_000010.mp4,"child speech, kid speaking",speech
PSdfMTSuUZQ_000190.mp4,playing clarinet,music
Qzmu2ERPEQg_000000.mp4,"child speech, kid speaking",speech
xb59FyD0Bv0_000070.mp4,dog barking,others
yqQ-ldrxY9I_000040.mp4,dog barking,others
p4syxEj3oZQ_000030.mp4,playing clarinet,music
ovTnkCQtXe8_000114.mp4,playing accordion,music
ZbuD-vBszaQ_000080.mp4,playing clarinet,music
mZ8rvIIDEq4_000042.mp4,dog barking,others
greDhc1Tl-M_000080.mp4,playing piano,music
606_sP5xcBE_000062.mp4,playing accordion,music
1nOvomBowno_000000.mp4,playing clarinet,music
2R5-H_H8L_o_000000.mp4,"child speech, kid speaking",speech
xtJrjTPMQAI_000060.mp4,playing piano,music
AVeiMzS5w14_000040.mp4,dog barking,others
IvcAghx_x7I_000000.mp4,playing piano,music
04YSNvLgZU8_000010.mp4,playing accordion,music
-tPtpv32DZw_000010.mp4,dog barking,others
BI9eRg88Dd0_000030.mp4,"male speech, man speaking",speech
cqgp5exzIMs_000030.mp4,playing accordion,music
_Jj4RQDjwbQ_000070.mp4,dog barking,others
fVw6JZlyEBs_000070.mp4,playing clarinet,music
qbEbLu2Qxf4_000180.mp4,playing accordion,music
0TiPjkcR_Vs_000030.mp4,"female speech, woman speaking",speech
A_gBxm_E9mg_000030.mp4,"male speech, man speaking",speech
8-6k5CX6wIQ_000030.mp4,playing clarinet,music
YJZ_2tMr4YI_000230.mp4,playing piano,music
80CI1JQVG54_000030.mp4,"male speech, man speaking",speech
c56_Hogqelw_000030.mp4,playing accordion,music
0wxS0zlMnag_000160.mp4,playing piano,music
2Gr0eI5Y2X8_000010.mp4,thunder,others
q31t-lRO2I0_000000.mp4,"child speech, kid speaking",speech
CY8zq68WPZ8_000030.mp4,"male speech, man speaking",speech
7xnqq8wTx04_000010.mp4,playing piano,music
cLqplWqHOYo_000160.mp4,"female speech, woman speaking",speech
dtz_u8KjZnQ_000030.mp4,"child speech, kid speaking",speech
54oivUaQKbw_000030.mp4,"male speech, man speaking",speech
29e-gW8Q9xc_000030.mp4,"male speech, man speaking",speech
DLXFhRH4I8k_000030.mp4,"male speech, man speaking",speech
DzwP7WzRbvI_000030.mp4,"male speech, man speaking",speech
YkO0gUmbb9w_000190.mp4,playing piano,music
8C1XbQeLzIE_000060.mp4,playing accordion,music
O5XTcs83l5w_000110.mp4,"child speech, kid speaking",speech
eBI35Ey99p8_000170.mp4,playing piano,music
4jW7xTLOjtc_000043.mp4,dog barking,others
J0p_joNdGe0_000030.mp4,dog barking,others
abimqHHMUrM_000030.mp4,playing accordion,music
QwMo8V1Lqqc_000350.mp4,"child speech, kid speaking",speech
s9Dkb-pJDkg_000030.mp4,"female speech, woman speaking",speech
-z9Iv2QjWvQ_000030.mp4,"male speech, man speaking",speech
_nUaENqaw2E_000026.mp4,playing clarinet,music
n9MzJKYwmfU_000318.mp4,playing clarinet,music
3oFMsAmbrpI_000050.mp4,"child speech, kid speaking",speech
q2RyZyxMkVU_000020.mp4,"child speech, kid speaking",speech
ZRQzNVCBFh8_000140.mp4,"child speech, kid speaking",speech
cE8PMfi_nQg_000103.mp4,playing piano,music
qSzg-YttaZI_000040.mp4,playing clarinet,music
NNwtyXSdFxw_000080.mp4,"child speech, kid speaking",speech
MrrxA1Doh-g_000007.mp4,dog barking,others
bAFZSUkT8i4_000018.mp4,playing clarinet,music
WdUEF6lGGZ4_000060.mp4,playing piano,music
gYsGcRr3G1o_000040.mp4,"child speech, kid speaking",speech
Y6d0rioC0Qg_000030.mp4,playing accordion,music
NXfrA7P_4jo_000030.mp4,playing accordion,music
PAPYTRZd_KY_000110.mp4,"child speech, kid speaking",speech
FzZWQsCFxog_000130.mp4,playing accordion,music
HVqOazHTago_000040.mp4,"female speech, woman speaking",speech
2NpSSsBF4Xk_000520.mp4,playing piano,music
-hch-89rAbc_000530.mp4,playing piano,music
DQD8Eb9F8dw_000051.mp4,playing clarinet,music
raz3OUu768k_000068.mp4,playing clarinet,music
H7NFvStvwKY_000000.mp4,playing clarinet,music
zPxnr9-5h4c_000000.mp4,thunder,others
ygYEwNv-NOA_000003.mp4,playing clarinet,music
v8f_vcDLO4g_000380.mp4,"female speech, woman speaking",speech
0Msrgi5zP78_000030.mp4,"female speech, woman speaking",speech
99SFSK_Emso_000030.mp4,"female speech, woman speaking",speech
ou39AU7s-ls_000110.mp4,"child speech, kid speaking",speech
-88W59dB47w_000030.mp4,"female speech, woman speaking",speech
EUIfNA0-bn8_000030.mp4,"female speech, woman speaking",speech
Wxuw2k5vrzw_000000.mp4,dog barking,others
BTfkrELdOHA_000030.mp4,"female speech, woman speaking",speech
A3QNR7PTKaQ_000030.mp4,"male speech, man speaking",speech
457CqW9Cc6A_000030.mp4,playing clarinet,music
WISGJ7xOgp0_000000.mp4,thunder,others
RGurTRr5gOY_000000.mp4,playing clarinet,music
-skChoO4NgU_000030.mp4,"female speech, woman speaking",speech
UauZ9rFmI5A_000160.mp4,"female speech, woman speaking",speech
DvKCNXccI38_000180.mp4,"child speech, kid speaking",speech
WQ5ybUNeCLY_000120.mp4,"child speech, kid speaking",speech
bOEcvkNXuuY_000245.mp4,playing clarinet,music
yB95cLxwtL8_000030.mp4,playing accordion,music
tK14ydbkgvA_000080.mp4,playing accordion,music
yI4bRstNJK8_000420.mp4,"child speech, kid speaking",speech
P1K4r7iWTNo_000018.mp4,dog barking,others
AcOqdSZocT8_000167.mp4,dog barking,others
C_xY8hOpWz0_000040.mp4,"female speech, woman speaking",speech
AV-og7R0aBY_000086.mp4,playing accordion,music
yKTc37LvDKM_000060.mp4,dog barking,others
23pDDkBYHPo_000170.mp4,"child speech, kid speaking",speech
iqBB0MK6Mi4_000000.mp4,thunder,others
s5mR6wvZbxI_000260.mp4,playing accordion,music
dD4bh-JZ_Kc_000100.mp4,playing accordion,music
BqkVxNpIXRs_000030.mp4,"male speech, man speaking",speech
M41rl6thqSE_000050.mp4,playing accordion,music
gwsx3q5XQAk_000210.mp4,"female speech, woman speaking",speech
5qmS_XQCXRg_000050.mp4,"female speech, woman speaking",speech
B3sn4NFkHHE_000030.mp4,"child speech, kid speaking",speech
FjSljEzfVBQ_000000.mp4,"child speech, kid speaking",speech
00W3TGhk0I0_000030.mp4,"male speech, man speaking",speech
V0FKXdHXUNI_000160.mp4,thunder,others
Jrxdl7VGP9E_000020.mp4,dog barking,others
BT32WToEqYU_000250.mp4,"child speech, kid speaking",speech
k-6ov_AgzDw_000080.mp4,dog barking,others
fw_ax5zqw9g_000100.mp4,dog barking,others
EeEz29mZLK4_000030.mp4,"male speech, man speaking",speech
1idD2Km197E_000030.mp4,"female speech, woman speaking",speech
J3t_9cedmzU_000030.mp4,playing piano,music
VtUzXO_2shE_000090.mp4,"female speech, woman speaking",speech
AeJ4LiLaQMM_000260.mp4,playing clarinet,music
En_kFY8r5MQ_000030.mp4,"male speech, man speaking",speech
CYv6-qTDdss_000290.mp4,playing piano,music
EfPc5bMBJ0Q_000030.mp4,"female speech, woman speaking",speech
pEiTG7y-lPg_000150.mp4,playing piano,music
BKEf8SlEMYU_000030.mp4,"male speech, man speaking",speech
Go9Z6qYrIJE_000060.mp4,playing accordion,music
t2QzBB3xGsA_000230.mp4,playing piano,music
xyth1szluMw_000230.mp4,dog barking,others
ycN30BUfzeo_000070.mp4,playing clarinet,music
bPaM3ktwKQM_000156.mp4,playing clarinet,music
TniApw9LVzM_000030.mp4,dog barking,others
4xavnNOzE6U_000030.mp4,"female speech, woman speaking",speech
8dpKnu4fk40_000030.mp4,"female speech, woman speaking",speech
pU_7kq5w62w_000030.mp4,"child speech, kid speaking",speech
Di4vR2hW6aA_000069.mp4,dog barking,others
20ULjbHhyfk_000030.mp4,"male speech, man speaking",speech
WT3F0jVr57o_000030.mp4,thunder,others
ak4wpQgyGCk_000000.mp4,dog barking,others
E8qM1SVOwSs_000160.mp4,playing piano,music
S84KhEYMt1Y_000248.mp4,dog barking,others
XZ6ttDhdDW8_000087.mp4,playing clarinet,music
fBmRsXNTtHc_000310.mp4,"female speech, woman speaking",speech
ycRmbAAeX30_000080.mp4,thunder,others
5lA7KkCvqUA_000030.mp4,"male speech, man speaking",speech
Q_o2VzfaisQ_000100.mp4,playing accordion,music
A0vc7vMJY0k_000030.mp4,"female speech, woman speaking",speech
9285qhAlkZw_000030.mp4,"female speech, woman speaking",speech
po9I3Y1uufI_000000.mp4,"female speech, woman speaking",speech
Balb3YXhZrs_000030.mp4,playing accordion,music
2JPXvghsvSA_000050.mp4,thunder,others
E3YoUEaY1p4_000030.mp4,"male speech, man speaking",speech
wNb8Up6DbYU_000160.mp4,playing clarinet,music
ctuz3C28i2w_000300.mp4,"female speech, woman speaking",speech
0A-Y2CvbVMs_000030.mp4,playing accordion,music
BtzZ8ABXn1A_000180.mp4,"male speech, man speaking",speech
hZ-YnlqZkHM_000100.mp4,playing clarinet,music
MHds4ABGy_I_000115.mp4,playing accordion,music
GEx11PaDZZs_000130.mp4,"female speech, woman speaking",speech
OrlTW75Fz0U_000070.mp4,playing accordion,music
OzCtkXTYng8_000030.mp4,playing accordion,music
4wQFkUQ4gMM_000100.mp4,playing clarinet,music
ZwT--NSwYAY_000205.mp4,playing accordion,music
n2bfcoyFwrM_000060.mp4,thunder,others
ZVdJbjhrwzA_000010.mp4,thunder,others
1F8kDtgfsBs_000030.mp4,"female speech, woman speaking",speech
09ImXkepCCc_000003.mp4,dog barking,others
dYd3qjU1PfE_000080.mp4,"child speech, kid speaking",speech
30s7YiUQ3RE_000260.mp4,"female speech, woman speaking",speech
307u3kydO_w_000030.mp4,playing accordion,music
9KNBPVTg7LU_000030.mp4,"male speech, man speaking",speech
fJulu0JfPLU_000098.mp4,"child speech, kid speaking",speech
6G4tbggW-dk_000030.mp4,"female speech, woman speaking",speech
iETRoK0dKxs_000020.mp4,dog barking,others
NmBQ5cEAxUY_000200.mp4,dog barking,others
4zaNMsnezKo_000030.mp4,"male speech, man speaking",speech
IpB76eTbtKk_000290.mp4,playing piano,music
Ow1Rncezmm4_000030.mp4,playing accordion,music
vEzxhSU3Fns_000110.mp4,playing clarinet,music
yxB9p9Rsg-0_000030.mp4,playing accordion,music
vp13kV0AvKo_000060.mp4,"male speech, man speaking",speech
fHNmUqFs1xc_000050.mp4,playing accordion,music
qyY2O9dR-u8_000130.mp4,"female speech, woman speaking",speech
tFev-xZWZD4_000070.mp4,"child speech, kid speaking",speech
jIrRsIbiOcA_000000.mp4,playing clarinet,music
94POoeKxeIw_000030.mp4,"male speech, man speaking",speech
2cWM497pH-E_000130.mp4,playing piano,music
AT32vI5tZME_000260.mp4,playing clarinet,music
BTsQEhsfOWs_000030.mp4,playing accordion,music
Q7ZPnRQraJk_000200.mp4,playing clarinet,music
pmR6v5UFcJ4_000150.mp4,"male speech, man speaking",speech
n7PJ1sxiUs0_000028.mp4,playing clarinet,music
ZySKNK-1Xio_000070.mp4,thunder,others
5mZNntaYEZA_000030.mp4,"male speech, man speaking",speech
9Z9_LIuAmZg_000030.mp4,"female speech, woman speaking",speech
f1G1tLz5WHM_000080.mp4,"child speech, kid speaking",speech
l3sjyd0SJQQ_000030.mp4,"child speech, kid speaking",speech
dGi3SrJ5hUc_000130.mp4,playing accordion,music
3KJWLzEFlQM_000550.mp4,"female speech, woman speaking",speech
B7NaWbX5u_8_000000.mp4,playing accordion,music
LiZFTrSAPEY_000070.mp4,"female speech, woman speaking",speech
7q8qPZUMSWk_000030.mp4,"female speech, woman speaking",speech
0WoWLoACt-Y_000130.mp4,playing piano,music
5usK_3X2sWE_000030.mp4,"male speech, man speaking",speech
TRW01xXMMqg_000210.mp4,playing accordion,music
POYRdof8qBQ_000070.mp4,"child speech, kid speaking",speech
2duVt8nj6ZA_000030.mp4,"female speech, woman speaking",speech
D5DLw365dv0_000010.mp4,dog barking,others
YTfBkI7sVjE_000013.mp4,dog barking,others
boXzdQsJe2k_000023.mp4,playing clarinet,music
7i-CepxIQJ4_000030.mp4,"male speech, man speaking",speech
BpsLlRNO7Xg_000320.mp4,"child speech, kid speaking",speech
4DM4HP72uXg_000026.mp4,playing accordion,music
Lm0iwrxvl0o_000120.mp4,playing piano,music
FewTn4TnSII_000000.mp4,playing accordion,music
BEzXnDnFjy8_000030.mp4,"female speech, woman speaking",speech
s0FNqW3YaD8_000030.mp4,dog barking,others
LheyT6WSxkw_000220.mp4,playing piano,music
OwxFBUmR7Fo_000200.mp4,dog barking,others
S7Hk-vV1RZg_000090.mp4,playing piano,music
xc4RU8Xzp9Q_000300.mp4,playing piano,music
PclYMwkHYiM_000060.mp4,"child speech, kid speaking",speech
-tYLYITWHEk_000021.mp4,"male speech, man speaking",speech
AI1OweEW8C0_000050.mp4,thunder,others
i2pG-jSm98k_000027.mp4,playing accordion,music
NjSdkG-k5lA_000030.mp4,playing accordion,music
OMkMXLo2f3g_000360.mp4,"female speech, woman speaking",speech
yu-o8P_HnV8_000010.mp4,dog barking,others
1_U5kef5I0w_000030.mp4,"male speech, man speaking",speech
zGT-dVjTA0k_000140.mp4,thunder,others
dRqDECt65nA_000030.mp4,playing piano,music
GnLxvQf5To0_000210.mp4,"male speech, man speaking",speech
ZcIxrfdHHxs_000040.mp4,"child speech, kid speaking",speech
L1WDQYHnhyY_000080.mp4,"female speech, woman speaking",speech
sZEDSxpzS8I_000128.mp4,playing clarinet,music
CHp-WHscy8Y_000030.mp4,"female speech, woman speaking",speech
HJwkLcIU264_000110.mp4,thunder,others
kvc_A72w4S4_000060.mp4,"female speech, woman speaking",speech
Y8yWCWFeQJs_000080.mp4,playing piano,music
WDHOU69BIwM_000020.mp4,"female speech, woman speaking",speech
WbTnKs4Gcn8_000058.mp4,playing clarinet,music
AGqa67HhcX0_000030.mp4,"male speech, man speaking",speech
4P_dB4CMpSY_000240.mp4,"male speech, man speaking",speech
5-5Bk1Hjstc_000030.mp4,"male speech, man speaking",speech
yHiTr7dstlc_000400.mp4,"child speech, kid speaking",speech
wAwlDTa2PQs_000110.mp4,"child speech, kid speaking",speech
xna7dICET_E_000100.mp4,"female speech, woman speaking",speech
S_Tyq1fpI2w_000050.mp4,playing piano,music
Y8-YLAKW7DU_000430.mp4,"female speech, woman speaking",speech
Ss1DNsFucPw_000030.mp4,dog barking,others
Hdu21U_FVs8_000020.mp4,dog barking,others
bZfQl-z6Y7Y_000005.mp4,playing clarinet,music
jzYuztYc5bo_000050.mp4,dog barking,others
a1hBQjK4OZk_000240.mp4,"child speech, kid speaking",speech
cRSuIVI_YV0_000138.mp4,playing accordion,music
P99TQch-fQE_000020.mp4,dog barking,others
IJOJPj10cgs_000080.mp4,dog barking,others
24-F9DdJGf4_000050.mp4,playing piano,music
88as34mPjtM_000020.mp4,"child speech, kid speaking",speech
XBbZDpDJiT8_000150.mp4,"child speech, kid speaking",speech
_rE3U8LCLyA_000030.mp4,playing piano,music
LnUEnSxUcwM_000010.mp4,dog barking,others
Rn-Ua8pPaJM_000510.mp4,playing clarinet,music
aZtUKfuGKjU_000180.mp4,playing accordion,music
7sg4dnXbG_k_000030.mp4,"male speech, man speaking",speech
X6AylsXvCrE_000270.mp4,"female speech, woman speaking",speech
XYnYu5dDuCc_000030.mp4,playing accordion,music
cB-aRbbr2PM_000050.mp4,dog barking,others
v7FbFHpRKo8_000010.mp4,"female speech, woman speaking",speech
_exHiLyiLgw_000100.mp4,playing clarinet,music
4kLGnZxl4Yw_000060.mp4,"child speech, kid speaking",speech
We6NKod80e0_000310.mp4,playing piano,music
TMHUoxumkwg_000030.mp4,playing accordion,music
LOqu7XHB290_000110.mp4,playing accordion,music
4x2OdlSk5Ms_000545.mp4,dog barking,others
4sKkzAuoMD8_000030.mp4,"female speech, woman speaking",speech
f-AOCxVTADI_000030.mp4,playing accordion,music
Fd93WnRlsK8_000030.mp4,playing piano,music
7WRzY6dIiRY_000030.mp4,"female speech, woman speaking",speech
-BPcjlI7-R4_000030.mp4,thunder,others
3-v3KoiWes0_000030.mp4,"male speech, man speaking",speech
8FQ5PV0ZXH0_000170.mp4,"child speech, kid speaking",speech
6ef0YJdtoMI_000121.mp4,playing clarinet,music
4L__Qg_b6IE_000220.mp4,playing accordion,music
8JupWNyF0m8_000040.mp4,"child speech, kid speaking",speech
1h4893C62M0_000030.mp4,"male speech, man speaking",speech
ulj0aKAOXoE_000030.mp4,playing accordion,music
e-yhSJXUn-0_000134.mp4,playing accordion,music
K41POoLaaSE_000030.mp4,playing accordion,music
7ZP6spYsUf0_000030.mp4,"female speech, woman speaking",speech
fvv-G-v4bng_000078.mp4,playing clarinet,music
2oDY9vPGryE_000030.mp4,"male speech, man speaking",speech
2a6GNu6uCDE_000030.mp4,"female speech, woman speaking",speech
XNCP8lgs1EE_000050.mp4,dog barking,others
PvgQfbelNTs_000018.mp4,playing accordion,music
R__wqsTnKsM_000040.mp4,"child speech, kid speaking",speech
rO5PxbbB1Rk_000344.mp4,playing clarinet,music
4Ez7a6IPfv4_000398.mp4,dog barking,others
pK928gdvxRI_000000.mp4,playing accordion,music
SR9oxnm66bY_000481.mp4,playing clarinet,music
ISYLqeureiM_000180.mp4,thunder,others
C4i61xPIMSs_000030.mp4,"male speech, man speaking",speech
CNAw6JD-gX0_000030.mp4,"male speech, man speaking",speech
Qq_pCHSBTrc_000110.mp4,"female speech, woman speaking",speech
HSPQt8u0mwc_000160.mp4,playing accordion,music
8Id9uuMif_c_000023.mp4,dog barking,others
64epE-m1-ns_000030.mp4,"male speech, man speaking",speech
1Zq6WrMnAjA_000010.mp4,"child speech, kid speaking",speech
MBdhzEaXrpo_000320.mp4,"female speech, woman speaking",speech
SgLRbA7hyl8_000080.mp4,playing accordion,music
TMpicXTzhYg_000097.mp4,playing clarinet,music
kstQxIpmesU_000120.mp4,"child speech, kid speaking",speech
BStmOULYCAw_000030.mp4,"female speech, woman speaking",speech
fDzez6qsEZk_000230.mp4,playing clarinet,music
yyAhW5jRJqU_000030.mp4,playing accordion,music
xF9ekpXmKCM_000010.mp4,"child speech, kid speaking",speech
ci735P6cYfo_000030.mp4,playing accordion,music
7d_oVEzI7os_000240.mp4,"male speech, man speaking",speech
yxcGBaHBW5A_000303.mp4,playing piano,music
QewsDPV-YSw_000520.mp4,"female speech, woman speaking",speech
_KY-iMZMhIA_000030.mp4,thunder,others
0SKchbYpXzA_000030.mp4,"male speech, man speaking",speech
FYE3Kn0nnuE_000050.mp4,"child speech, kid speaking",speech
ce7AZ4mgPME_000010.mp4,playing clarinet,music
kyPymabWmvY_000440.mp4,playing piano,music
CqfeA4ZiWg4_000070.mp4,dog barking,others
4J9aBJvftMI_000069.mp4,"child speech, kid speaking",speech
4kKxHaFKeBU_000030.mp4,"male speech, man speaking",speech
s9Ye2i1F-_o_000020.mp4,playing piano,music
7bL1aFp8vwU_000025.mp4,"male speech, man speaking",speech
6H8fAz1hrsg_000030.mp4,"male speech, man speaking",speech
Yx396qvohX8_000036.mp4,dog barking,others
T1Jlp8NFA4Y_000010.mp4,dog barking,others
Z9JuYmchuss_000000.mp4,playing piano,music
OqAhTPqNVWc_000030.mp4,playing piano,music
rABb6b-UrVc_000104.mp4,playing clarinet,music
B_TGAb_4Qb8_000030.mp4,"female speech, woman speaking",speech
Mqfm03TuWRY_000068.mp4,dog barking,others
PjYUODTUsvc_000071.mp4,playing piano,music
V1jD7zi-6vo_000013.mp4,playing clarinet,music
fW_1CNOQy10_000200.mp4,playing piano,music
DC6GBUUBPc0_000030.mp4,"female speech, woman speaking",speech
8VryHooOcBE_000030.mp4,"male speech, man speaking",speech
d_OIBYBwexQ_000160.mp4,playing accordion,music
aEeN6lclLaw_000070.mp4,playing piano,music
PsIGkrB54mA_000065.mp4,playing clarinet,music
EA1kkrI0k94_000030.mp4,"male speech, man speaking",speech
tVpZtTB8Hac_000070.mp4,"female speech, woman speaking",speech
6A-4bTTxu14_000030.mp4,"female speech, woman speaking",speech
al8riq_OJvI_000050.mp4,playing piano,music
redEh50eYgI_000020.mp4,dog barking,others
Qq7aHWBzptA_000010.mp4,dog barking,others
phAldSBAkFo_000032.mp4,playing clarinet,music
8se1WXr-kVM_000024.mp4,playing clarinet,music
Sinqy38RvbE_000000.mp4,"female speech, woman speaking",speech
_bSkBUAWrKw_000030.mp4,"child speech, kid speaking",speech
FP_rJYMKbSM_000030.mp4,dog barking,others
SX1C5aFC13Q_000410.mp4,dog barking,others
_4wY-sb3BGM_000000.mp4,playing piano,music
0EVUg5fJgps_000030.mp4,"male speech, man speaking",speech
kK39S1M9Vg8_000030.mp4,"child speech, kid speaking",speech
1WWPdIr91b8_000000.mp4,dog barking,others
0PBX4Hh3GEQ_000009.mp4,"male speech, man speaking",speech
uRC1UkOH-zk_000100.mp4,"female speech, woman speaking",speech
AGLMIvnIu5o_000030.mp4,"female speech, woman speaking",speech
IAKiCdD0hkE_000180.mp4,"female speech, woman speaking",speech
8x8WnIpPisw_000100.mp4,dog barking,others
Lg18iOhg0VE_000020.mp4,dog barking,others
2t6eqvXT7QI_000020.mp4,"female speech, woman speaking",speech
CNTOvE2Hzqo_000030.mp4,"male speech, man speaking",speech
2ZgTgXeqKQw_000030.mp4,"male speech, man speaking",speech
Ac1ZcqgAOV4_000030.mp4,"male speech, man speaking",speech
vkwSmNvpnQ8_000240.mp4,"male speech, man speaking",speech
Vhf-vNRYQEg_000006.mp4,playing accordion,music
8L5BiPHkm0c_000011.mp4,"female speech, woman speaking",speech
gA1c_ayBUkI_000050.mp4,"child speech, kid speaking",speech
TMUtk3sB_pg_000310.mp4,playing piano,music
f0cDc1eS4DY_000120.mp4,playing piano,music
7_moJQZ7yrU_000040.mp4,playing piano,music
jIfT2SOGP00_000079.mp4,dog barking,others
GIkBLWow0fo_000013.mp4,playing accordion,music
MIYBdV60ZIc_000030.mp4,playing piano,music
67upUuEwqSg_000395.mp4,playing clarinet,music
opPFOPFGr7Q_000010.mp4,playing piano,music
bfTiAiBOnvU_000120.mp4,playing clarinet,music
DDeAjcedfyE_000190.mp4,playing piano,music
RutCNaejf1s_000030.mp4,playing clarinet,music
DQD8Eb9F8dw_000131.mp4,playing clarinet,music
WRUhCBJ30-Q_000150.mp4,dog barking,others
11FM97WXPCI_000030.mp4,"female speech, woman speaking",speech
mphVIh_JgD0_000020.mp4,dog barking,others
BMBXrPFBQhU_000110.mp4,"male speech, man speaking",speech
wEnOeh_UlPI_000290.mp4,"male speech, man speaking",speech
rJBXr_zL01w_000080.mp4,"child speech, kid speaking",speech
GG4YZfdlUhg_000000.mp4,playing accordion,music
ZnmsU4fN6M4_000230.mp4,"male speech, man speaking",speech
79swMICUG8o_000030.mp4,playing piano,music
XCcB-gEsCbc_000053.mp4,dog barking,others
qkyywjex5hs_000490.mp4,"child speech, kid speaking",speech
2sicAOYVR6s_000350.mp4,"child speech, kid speaking",speech
sircGPq9cck_000330.mp4,"child speech, kid speaking",speech
yEODq1Ft47k_000092.mp4,"child speech, kid speaking",speech
6bqzizUoEWA_000010.mp4,"female speech, woman speaking",speech
7FCZsnQr4i0_000030.mp4,"male speech, man speaking",speech
1BkHCsfaduk_000030.mp4,"female speech, woman speaking",speech
opxxYJMP5nc_000030.mp4,playing accordion,music
A2hCzF_TF4w_000030.mp4,playing accordion,music
N387HQu3Hws_000150.mp4,playing piano,music
kh1drIwDfSY_000030.mp4,"female speech, woman speaking",speech
90nwTWXLVpc_000030.mp4,"male speech, man speaking",speech
5Wh1CDCfB9A_000030.mp4,"male speech, man speaking",speech
WTZcFC4Lids_000540.mp4,"male speech, man speaking",speech
TVG3_HwYeOU_000010.mp4,dog barking,others
IAYRm0ggMjg_000260.mp4,"female speech, woman speaking",speech
dSQEYS6vx7U_000060.mp4,playing clarinet,music
T4Oi6Bge7Is_000110.mp4,dog barking,others
olZa2vOpbD4_000110.mp4,"male speech, man speaking",speech
S-4YdzG0WoA_000100.mp4,dog barking,others
DvxsstmH0Qo_000270.mp4,playing clarinet,music
ab55E5sJPlA_000000.mp4,"child speech, kid speaking",speech
UNzasfgSrTo_000010.mp4,dog barking,others
E6Oxx6YJplk_000030.mp4,"male speech, man speaking",speech
2vNVFduxiGk_000030.mp4,"female speech, woman speaking",speech
M0jYKtLA7Fw_000040.mp4,"child speech, kid speaking",speech
a1svpvxVGGY_000000.mp4,dog barking,others
Thk1A5Fm6o0_000030.mp4,playing accordion,music
OnemOYC9Nws_000170.mp4,"female speech, woman speaking",speech
TOdmggWDllg_000030.mp4,playing accordion,music
ufyIgofTIRo_000017.mp4,playing clarinet,music
DPdddPbtCfU_000030.mp4,"female speech, woman speaking",speech
nY3Qqmfq2mU_000180.mp4,"child speech, kid speaking",speech
SnHzcG-pxOs_000200.mp4,playing clarinet,music
7LoL0a3BDvo_000030.mp4,"male speech, man speaking",speech
qFJdjqL1zZ8_000020.mp4,"child speech, kid speaking",speech
_IM_0wJZyp4_000090.mp4,dog barking,others
gLokxx-ruH8_000230.mp4,playing piano,music
-L_t4Efb6oo_000030.mp4,"female speech, woman speaking",speech
fLskMCwav-0_000126.mp4,playing accordion,music
fbZbk9l05Wo_000160.mp4,playing piano,music
2jyQeYFdliw_000490.mp4,thunder,others
87Tdm1IasYA_000030.mp4,"male speech, man speaking",speech
uimE4_OcO_I_000000.mp4,"child speech, kid speaking",speech
o3OQHfZjZqg_000060.mp4,playing piano,music
F8Npom6Ygkg_000020.mp4,"female speech, woman speaking",speech
wVEoUQKsE1k_000120.mp4,"child speech, kid speaking",speech
xxdmcjox4-g_000030.mp4,playing accordion,music
-AoYJNdcBZg_000050.mp4,"child speech, kid speaking",speech
D8248WZgffk_000020.mp4,playing clarinet,music
Vf61IAMs-Vs_000030.mp4,playing piano,music
zXchR-40WwY_000220.mp4,"child speech, kid speaking",speech
jimsBxG0_tM_000050.mp4,dog barking,others
Pjnf6ZC0P5Q_000090.mp4,"child speech, kid speaking",speech
FY2B5wmhboc_000030.mp4,"female speech, woman speaking",speech
9-ps-2LeDeY_000360.mp4,playing accordion,music
zhtgqS3AsTA_000050.mp4,playing piano,music
vAQIzUkJcBk_000120.mp4,"male speech, man speaking",speech
m8sM-xftClA_000060.mp4,thunder,others
0jInA3DyU5g_000050.mp4,playing accordion,music
K80eaAw6idw_000110.mp4,thunder,others
DcrTHe_VHSs_000000.mp4,"child speech, kid speaking",speech
t8jatK0e9mE_000130.mp4,"female speech, woman speaking",speech
0HWqcIEUJjE_000030.mp4,"male speech, man speaking",speech
BDCBkS7JYqA_000030.mp4,"male speech, man speaking",speech
K3DHshsRyWE_000040.mp4,playing piano,music
AIduRd9jXr0_000020.mp4,playing accordion,music
Sc2KLejt_Ug_000060.mp4,"female speech, woman speaking",speech
aL__8TbYW0M_000030.mp4,playing piano,music
SZ7tgMo-QUY_000010.mp4,thunder,others
Tv_uY2x9bWs_000230.mp4,playing accordion,music
XZAyoDJa2tE_000039.mp4,playing accordion,music
MZlAvW-bebM_000000.mp4,playing clarinet,music
Wobk8o2I3Hg_000110.mp4,"female speech, woman speaking",speech
4hEnc01zRHo_000030.mp4,"male speech, man speaking",speech
_6C9EFaK7Ag_000160.mp4,playing piano,music
DL5DEnzwzAQ_000000.mp4,playing piano,music
9t1vYRix5fs_000030.mp4,"female speech, woman speaking",speech
tMOeRAy2s30_000180.mp4,playing clarinet,music
uFlulEU-Yf4_000370.mp4,thunder,others
udVrsSkomAA_000070.mp4,dog barking,others
yKu1_wE65_E_000090.mp4,playing piano,music
2-51vBAJ3u0_000030.mp4,"female speech, woman speaking",speech
1Ds9-hHmVQk_000030.mp4,"male speech, man speaking",speech
A391z0kwWCk_000039.mp4,dog barking,others
K6Tm5xHkJ5c_000089.mp4,playing accordion,music
BUjMWHqIc6M_000080.mp4,"child speech, kid speaking",speech
kSj4liSIXII_000011.mp4,playing piano,music
oiEaLzcLBd4_000590.mp4,"female speech, woman speaking",speech
ZxMmu_yRO24_000060.mp4,playing clarinet,music
DxOjqamWZ-g_000030.mp4,"female speech, woman speaking",speech
sjLCAcWcS1s_000550.mp4,"child speech, kid speaking",speech
wcYntP2f8nM_000024.mp4,playing piano,music
YNmnwxw4yxo_000030.mp4,dog barking,others
WtSwqtjdyy8_000030.mp4,"male speech, man speaking",speech
vB5AMmhXGQI_000050.mp4,playing piano,music
mwVSIx0rLOU_000130.mp4,"child speech, kid speaking",speech
H2fhdOXkeCg_000030.mp4,playing clarinet,music
GgUkhedV5e0_000190.mp4,"female speech, woman speaking",speech
IQ9uihSqqCk_000105.mp4,playing clarinet,music
5UZTTkKxLc0_000050.mp4,"child speech, kid speaking",speech
6FfRPcQ9D5A_000000.mp4,"female speech, woman speaking",speech
dajIyS0lI-c_000021.mp4,playing accordion,music
oShoq7zbV7o_000030.mp4,dog barking,others
DTzILdRUnuQ_000010.mp4,dog barking,others
RHOVVtkE6ao_000020.mp4,playing piano,music
79q_4Kg01js_000280.mp4,"child speech, kid speaking",speech
2rjkM_UZ0Q4_000030.mp4,"female speech, woman speaking",speech
KrDt5MjkN-M_000030.mp4,playing accordion,music
uURC7InX6iY_000000.mp4,playing clarinet,music
As5Pqpb3fsg_000160.mp4,dog barking,others
ZPY59oJa8z0_000121.mp4,"child speech, kid speaking",speech
JY-hKuBLiY4_000050.mp4,playing clarinet,music
ph5lJPxQfZY_000010.mp4,playing piano,music
RfqoGARSSnM_000170.mp4,playing accordion,music
0wVZiTscwys_000030.mp4,"male speech, man speaking",speech
35roRB_dsrM_000030.mp4,"male speech, man speaking",speech
3a-yqrviO2k_000030.mp4,"child speech, kid speaking",speech
-n4MmiWZnGc_000030.mp4,"male speech, man speaking",speech
EKxJICPnRtk_000030.mp4,"male speech, man speaking",speech
-E8XmCE3MWQ_000030.mp4,"male speech, man speaking",speech
EQowNjI_jvI_000030.mp4,"male speech, man speaking",speech
63Yp1mEiLwU_000012.mp4,dog barking,others
KhehKFNnErU_000080.mp4,playing piano,music
OjFY_3AxJMs_000330.mp4,playing piano,music
vU8RHXEVXdY_000030.mp4,playing accordion,music
VKT2XIhnB1E_000010.mp4,"child speech, kid speaking",speech
6VxTBiFjUgI_000030.mp4,"female speech, woman speaking",speech
I33Heowph7s_000220.mp4,playing piano,music
PaFSypqIYgI_000070.mp4,playing accordion,music
6zu_vGjaEns_000030.mp4,"female speech, woman speaking",speech
UZ6KbXo7Pls_000030.mp4,playing piano,music
1Sn50N9_qTU_000030.mp4,"male speech, man speaking",speech
hfnOQRpbp-s_000070.mp4,"child speech, kid speaking",speech
9E-NxnRjd7s_000030.mp4,dog barking,others
gEnLmUxRKzg_000000.mp4,dog barking,others
b_Ckjhvm1NQ_000030.mp4,dog barking,others
JVoD_Iuh73A_000006.mp4,playing clarinet,music
2SqH6Vuu4lc_000010.mp4,dog barking,others
fXOOyw00dJk_000170.mp4,"female speech, woman speaking",speech
JoEPH_TrHdo_000140.mp4,playing clarinet,music
5wgCoRm_O0w_000030.mp4,"female speech, woman speaking",speech
JlhqKh92IHk_000190.mp4,playing piano,music
HokTklE1urA_000240.mp4,playing piano,music
gbgC98i7j2c_000580.mp4,"female speech, woman speaking",speech
CM5W31FRa7o_000030.mp4,dog barking,others
BFMAG-yuV-o_000427.mp4,"female speech, woman speaking",speech
epbxGAhq09o_000030.mp4,playing accordion,music
f9fsxAHkkgs_000000.mp4,"child speech, kid speaking",speech
tbZ5LXSgV4w_000000.mp4,"child speech, kid speaking",speech
7U-gnEQi_yY_000030.mp4,"male speech, man speaking",speech
IS2_K1JegaQ_000320.mp4,"female speech, woman speaking",speech
-Wm4-PI6U5o_000030.mp4,playing piano,music
2pTrqI02CAU_000030.mp4,"male speech, man speaking",speech
hx9jK3Wk458_000130.mp4,"child speech, kid speaking",speech
MSs-8U8wjYk_000100.mp4,"female speech, woman speaking",speech
Ok0jiYLIXEc_000080.mp4,playing accordion,music
SEOogaGqELY_000110.mp4,playing accordion,music
Nwq9lqzZDyM_000030.mp4,playing clarinet,music
zwHY8MTEZis_000030.mp4,playing accordion,music
izW1rySb3rs_000000.mp4,"child speech, kid speaking",speech
mOXa_eKJBFM_000000.mp4,playing clarinet,music
rTJepOCBQeQ_000000.mp4,"female speech, woman speaking",speech
lv7HqAAB2y8_000082.mp4,playing clarinet,music
r8oJ3-DQOjY_000186.mp4,"female speech, woman speaking",speech
3WrD4tbNLwQ_000030.mp4,"male speech, man speaking",speech
WIB7122ZQc8_000070.mp4,playing piano,music
6OxmvWDY1p4_000170.mp4,playing accordion,music
4CVil6ygg90_000320.mp4,playing clarinet,music
bQq2AmTU6Xg_000030.mp4,playing accordion,music
9yzQlHyphRA_000030.mp4,"female speech, woman speaking",speech
OMFDLnBcM4c_000210.mp4,"female speech, woman speaking",speech
s4cMN4i_0XM_000030.mp4,playing clarinet,music
H1Hd6enwo6s_000190.mp4,playing piano,music
Q-UbXMzkNLU_000050.mp4,playing piano,music
Zni9y7g1BF8_000350.mp4,"child speech, kid speaking",speech
1Xjn22L0jVU_000010.mp4,"child speech, kid speaking",speech
RJ7w4kth6S8_000230.mp4,playing clarinet,music
mQ3mKLUcuLk_000040.mp4,playing clarinet,music
0kkin7Yv0rU_000220.mp4,playing clarinet,music
79Zv0IzvL_Y_000030.mp4,"male speech, man speaking",speech
7L6q0DBnm0Y_000030.mp4,"female speech, woman speaking",speech
1fGev_hyaK8_000000.mp4,"child speech, kid speaking",speech
zunUPiRJQAY_000129.mp4,playing clarinet,music
NS6S7Cpi8mk_000000.mp4,playing piano,music
qV91Kl08f7M_000170.mp4,playing clarinet,music
J57HdnlM9-4_000070.mp4,playing clarinet,music
OqqkurFci5U_000020.mp4,dog barking,others
ApSva_QTOD4_000250.mp4,playing piano,music
z88jt7qWYtY_000020.mp4,dog barking,others
0ZeluKxEdWc_000030.mp4,"male speech, man speaking",speech
8Rvmjah-Rto_000030.mp4,"female speech, woman speaking",speech
1uSavuICk1M_000040.mp4,dog barking,others
aESanRCQ4qM_000030.mp4,playing piano,music
E90n5l70dgA_000030.mp4,"male speech, man speaking",speech
XuSmnAhxZoo_000393.mp4,playing clarinet,music
S8UpF1Kq0ro_000050.mp4,"child speech, kid speaking",speech
xNaskUU5los_000164.mp4,playing accordion,music
EeGWxHvKs48_000030.mp4,"female speech, woman speaking",speech
_8v4ErbDL-k_000030.mp4,playing accordion,music
ZKPYhdndV1U_000170.mp4,playing clarinet,music
8EgbXU0B0FQ_000050.mp4,playing piano,music
g-CERZyC_G8_000070.mp4,"child speech, kid speaking",speech
IxAuutkWSyY_000820.mp4,"female speech, woman speaking",speech
tNlmk_R6rng_000180.mp4,"child speech, kid speaking",speech
Ahhx2DeSCDw_000030.mp4,"male speech, man speaking",speech
zqHBQVmPyWA_000300.mp4,"female speech, woman speaking",speech
BKaY-5O5AKU_000030.mp4,"male speech, man speaking",speech
0H3muaefoQM_000000.mp4,playing piano,music
DwhLoVR8TMw_000000.mp4,"female speech, woman speaking",speech
4_j8t1KKQ9w_000330.mp4,"male speech, man speaking",speech
ava5mXZ3ofg_000000.mp4,playing piano,music
-ZpfXjmTrI8_000030.mp4,"male speech, man speaking",speech
LukCi9W1myo_000000.mp4,dog barking,others
pwSHQbJu-Ho_000070.mp4,"child speech, kid speaking",speech
mT0yFesnzCI_000200.mp4,"female speech, woman speaking",speech
mApjaBYyiQI_000160.mp4,"female speech, woman speaking",speech
t3ZAK_dTSAU_000000.mp4,playing clarinet,music
os6kT2tbdSI_000294.mp4,playing clarinet,music
NCdc6zv3jyA_000050.mp4,dog barking,others
sLT2EGVOUQc_000035.mp4,"female speech, woman speaking",speech
IqT74kx1O34_000030.mp4,"female speech, woman speaking",speech
2G-BMlVRTCw_000080.mp4,thunder,others
mLyCDX4Wmio_000030.mp4,"female speech, woman speaking",speech
i-EhSDnHxBw_000030.mp4,playing accordion,music
RhE38V1QbM0_000090.mp4,"child speech, kid speaking",speech
oEBQeAC5H6c_000000.mp4,playing clarinet,music
qrO3xHv2LG4_000020.mp4,playing piano,music
HhQ41vxrZmE_000030.mp4,dog barking,others
AhzaK-oZmjg_000126.mp4,playing clarinet,music
72VgYKpweCI_000110.mp4,"child speech, kid speaking",speech
Ai5ESl4kyD0_000030.mp4,"female speech, woman speaking",speech
Af7VpKCg_ZY_000030.mp4,"male speech, man speaking",speech
0dKPjNKg-Ec_000080.mp4,playing clarinet,music
vc0IyWgk3Ic_000020.mp4,playing clarinet,music
VBEDtE8m5Hw_000160.mp4,playing clarinet,music
R35fWk1uXgQ_000060.mp4,"child speech, kid speaking",speech
PS6OZs-a3TY_000009.mp4,dog barking,others
9fiz_Lzad0Y_000030.mp4,"female speech, woman speaking",speech
rBFyfa0BxDQ_000010.mp4,"female speech, woman speaking",speech
a0WToAxaIOA_000020.mp4,"child speech, kid speaking",speech
-BLQ7_I4BhI_000030.mp4,"male speech, man speaking",speech
CLIksr4MkF8_000030.mp4,"male speech, man speaking",speech
z7TM6KOXsRw_000310.mp4,playing piano,music
eKXbl1Cd24U_000220.mp4,playing accordion,music
0dh-PjhhN9U_000030.mp4,"female speech, woman speaking",speech
gRcKTzJBb2Y_000100.mp4,playing clarinet,music
RDLTE8ECdDs_000010.mp4,playing clarinet,music
0ig9g_-jXNY_000053.mp4,playing clarinet,music
-0Y5M39myZY_000030.mp4,"male speech, man speaking",speech
QInvWq07M8E_000030.mp4,playing clarinet,music
iUi5-o2oSLU_000110.mp4,playing piano,music
B3j0YDOhaRk_000764.mp4,"female speech, woman speaking",speech
Mii8qXOkPr8_000100.mp4,"child speech, kid speaking",speech
xa5cIo6fsdQ_000009.mp4,dog barking,others
0dwKkl7Nydw_000030.mp4,"male speech, man speaking",speech
5briopN06L8_000000.mp4,playing piano,music
F16_y86jro4_000030.mp4,"female speech, woman speaking",speech
tGOJ7T08k3M_000084.mp4,playing clarinet,music
24oYHGAu0mw_000015.mp4,dog barking,others
EtysT0Xx2qI_000022.mp4,dog barking,others
MoXmJmnpEc8_000030.mp4,playing clarinet,music
f0x8NtXFPuY_000243.mp4,playing accordion,music
hJ_fnX25suE_000018.mp4,dog barking,others
rd3iwLuszMA_000100.mp4,"child speech, kid speaking",speech
D__xUOQboYs_000190.mp4,playing accordion,music
Sa8a--uKDjs_000000.mp4,playing clarinet,music
6fSIqnHvDQU_000380.mp4,"female speech, woman speaking",speech
bhKn3XeK_NI_000390.mp4,"female speech, woman speaking",speech
uzcoEfSkKeU_000280.mp4,"female speech, woman speaking",speech
KXHi2gOe4VY_000030.mp4,"child speech, kid speaking",speech
fhWZ8pXiGk8_000080.mp4,playing piano,music
NKGKcvtn6J8_000070.mp4,"female speech, woman speaking",speech
Rx-NibBMtcg_000010.mp4,dog barking,others
IDYTuFR9WQ8_000460.mp4,"child speech, kid speaking",speech
ioDAVNkgY5I_000050.mp4,"child speech, kid speaking",speech
WpQHQeY43zo_000058.mp4,playing accordion,music
R8tE5pYdwIs_000250.mp4,playing piano,music
1897RroMaWs_000030.mp4,"female speech, woman speaking",speech
zyGCNP-bm3E_000071.mp4,playing piano,music
Npw8B0-Tq3w_000030.mp4,"child speech, kid speaking",speech
7hEUPWjWkQE_000030.mp4,"male speech, man speaking",speech
uzcBB-j-IVU_000010.mp4,dog barking,others
AXWY-tkeO4c_000030.mp4,"female speech, woman speaking",speech
5F-Hv37Ng8I_000090.mp4,playing clarinet,music
TkW6Cf5OxAc_000400.mp4,playing clarinet,music
9--d717STI0_000030.mp4,"female speech, woman speaking",speech
wsGEKbZ0kws_000039.mp4,playing accordion,music
BB-8ZAAky3M_000010.mp4,"child speech, kid speaking",speech
Axz8Dz5_ygc_000030.mp4,playing accordion,music
DFTrsLp3Ls4_000120.mp4,playing accordion,music
E3FzFUPMHRA_000030.mp4,"female speech, woman speaking",speech
4gyda6wcww0_000030.mp4,dog barking,others
fR78WZ5fKKs_000120.mp4,"child speech, kid speaking",speech
CnJC4GE-ATA_000120.mp4,playing accordion,music
Z9bfan82xS4_000080.mp4,playing piano,music
_TuQ2acuS2Y_000050.mp4,"child speech, kid speaking",speech
MYYZSgvSKNw_000060.mp4,"child speech, kid speaking",speech
boXzdQsJe2k_000011.mp4,playing clarinet,music
TB_XIEZZYgo_000030.mp4,playing accordion,music
660FUDNnYy4_000030.mp4,"male speech, man speaking",speech
PNk586wEhJ8_000000.mp4,playing accordion,music
ukNzKhGyGdY_000000.mp4,"child speech, kid speaking",speech
gOCBy_fxXoc_000030.mp4,thunder,others
Sf0kDGVkVzQ_000029.mp4,"female speech, woman speaking",speech
Dnxrw6HQuEE_000030.mp4,"male speech, man speaking",speech
5gS-H6tuY1Q_000030.mp4,"male speech, man speaking",speech
AaaAgeWUuvg_000120.mp4,playing piano,music
OmgC_AYLtsk_000320.mp4,thunder,others
4CpSIH5CogE_000280.mp4,playing clarinet,music
mz0mfHGCAAA_000090.mp4,"child speech, kid speaking",speech
FQOEFL6kP9w_000040.mp4,"female speech, woman speaking",speech
p7CKnHSl-VU_000090.mp4,"child speech, kid speaking",speech
Yt6xmVsYXTo_000050.mp4,dog barking,others
Om5mkCS833Q_000070.mp4,playing piano,music
0Lro_JzyUX0_000030.mp4,"male speech, man speaking",speech
GboBmTdNr3Q_000079.mp4,dog barking,others
bjSmlirR3EA_000150.mp4,"female speech, woman speaking",speech
ZCCYWuOMy4U_000030.mp4,"female speech, woman speaking",speech
5ei0lqnGqho_000030.mp4,"female speech, woman speaking",speech
pwLpevQvgGM_000060.mp4,playing clarinet,music
C3PkO3QSKK4_000030.mp4,"male speech, man speaking",speech
AphbBf-sY9Q_000030.mp4,"male speech, man speaking",speech
SRXAVY7Z7WU_000020.mp4,"female speech, woman speaking",speech
ozMknneG5_Y_000030.mp4,dog barking,others
kEQJJyYkYTY_000200.mp4,"child speech, kid speaking",speech
8DT7VwNyZYU_000140.mp4,playing piano,music
Xys6AKppOwM_000080.mp4,playing accordion,music
S_2joTh-5Rk_000050.mp4,playing piano,music
AhW2VraJJUA_000030.mp4,playing accordion,music
6AobosKTswk_000030.mp4,"female speech, woman speaking",speech
9Izh-_ehd6o_000030.mp4,"male speech, man speaking",speech
5WJLgXsubys_000071.mp4,"female speech, woman speaking",speech
kUdCRntPTHg_000070.mp4,"female speech, woman speaking",speech
91ntuFResaE_000030.mp4,"female speech, woman speaking",speech
ZfXfS6JpFSg_000030.mp4,playing clarinet,music
CK5yGvj_tOU_000030.mp4,"female speech, woman speaking",speech
BeQr_hCQHPk_000030.mp4,"female speech, woman speaking",speech
z5uvxaqiOGs_000160.mp4,thunder,others
g5eC8EsmIXo_000045.mp4,playing accordion,music
ASOfhBJYM6A_000030.mp4,playing accordion,music
ylYT2GNVSuA_000080.mp4,dog barking,others
lhvRXt1ULZw_000520.mp4,"female speech, woman speaking",speech
vCUy3ta0a5E_000000.mp4,"child speech, kid speaking",speech
4eBE0LLVVT4_000450.mp4,"male speech, man speaking",speech
sjy7igy9mto_000013.mp4,playing clarinet,music
AvxWVvu0qeo_000030.mp4,"female speech, woman speaking",speech
kr72GsUdYrs_000000.mp4,playing clarinet,music
6acwJ0kOvRY_000030.mp4,"male speech, man speaking",speech
bPN5lcFhTmc_000290.mp4,"child speech, kid speaking",speech
09kNDuCxSJ0_000030.mp4,"male speech, man speaking",speech
akv9b-fQ4rI_000030.mp4,playing accordion,music
3GNkG7ETCMQ_000030.mp4,"female speech, woman speaking",speech
YqgDnEUlQwE_000210.mp4,playing clarinet,music
Xa_C1QRFETQ_000120.mp4,playing piano,music
4PmFYWoNJW0_000030.mp4,"male speech, man speaking",speech
kTyaqJIhX6Q_000020.mp4,playing accordion,music
BPDlyKkCIp0_000148.mp4,"child speech, kid speaking",speech
RYB57O08Fdg_000001.mp4,dog barking,others
bhpIB09qNTc_000000.mp4,"female speech, woman speaking",speech
_p04SYXuBSQ_000010.mp4,dog barking,others
9Vt72TJC0zE_000030.mp4,"male speech, man speaking",speech
urmwibHFOHc_000000.mp4,dog barking,others
0Bbdbb8cLY8_000009.mp4,"female speech, woman speaking",speech
QluAXJ8zJ3I_000050.mp4,playing clarinet,music
3ixWyHcvDJo_000030.mp4,"female speech, woman speaking",speech
ZWnxnTZMRSM_000030.mp4,"male speech, man speaking",speech
-aLuigm2N2A_000200.mp4,playing clarinet,music
ELz3HBHK9xg_000100.mp4,dog barking,others
ASJwEjltGw0_000030.mp4,"female speech, woman speaking",speech
o-GtJ2V3nz8_000100.mp4,playing accordion,music
Guri0b37ad0_000420.mp4,playing piano,music
omxT_Tvrr-A_000191.mp4,playing clarinet,music
DOxEOSckwgY_000012.mp4,"female speech, woman speaking",speech
01Q0Se7F28Y_000070.mp4,"female speech, woman speaking",speech
3OZq64bJ6P4_000040.mp4,playing accordion,music
HSBJDZqYUwY_000262.mp4,playing piano,music
zW6Vv5z8U8s_000000.mp4,playing piano,music
-sX0CbdkM2Y_000030.mp4,"male speech, man speaking",speech
AJi3hL5zqdU_000000.mp4,playing piano,music
3q6iQW8gsU0_000030.mp4,"female speech, woman speaking",speech
VJvK5XJMOT0_000000.mp4,dog barking,others
AgQQc8mn-Z4_000120.mp4,playing clarinet,music
9NvP3X2xW3M_000240.mp4,playing piano,music
yEiqUV4g1fc_000050.mp4,playing accordion,music
LPXXpU06itM_000090.mp4,playing accordion,music
hUtvRhzGWjI_000001.mp4,playing clarinet,music
35i-3XIn4ls_000008.mp4,dog barking,others
wS4TXSQ4s6Y_000240.mp4,"female speech, woman speaking",speech
No0ML-J-Ep4_000040.mp4,playing piano,music
yHoA3ZZcC0k_000040.mp4,"male speech, man speaking",speech
RY0XXgjgE-E_000170.mp4,dog barking,others
DXV2fIU6ADA_000030.mp4,"male speech, man speaking",speech
mq7eh1p9m4Y_000030.mp4,dog barking,others
AtbhMi_ZCIg_000051.mp4,playing accordion,music
lfux0vEcsjM_000457.mp4,dog barking,others
UN9rbweY82g_000360.mp4,thunder,others
niRWwWVcC8E_000050.mp4,playing piano,music
snAV_ccYfRM_000070.mp4,playing accordion,music
Ab7o5MnmQLc_000020.mp4,"child speech, kid speaking",speech
cruLD13KOQA_000050.mp4,"child speech, kid speaking",speech
TK8L-6xTrco_000330.mp4,"child speech, kid speaking",speech
s5xVlM2-SII_000210.mp4,"female speech, woman speaking",speech
H9ab8IfCkmc_000080.mp4,playing piano,music
NpZ7MhJ1Gkg_000000.mp4,playing piano,music
qOecursDybk_000000.mp4,thunder,others
F1KGnacqfMc_000030.mp4,"male speech, man speaking",speech
CqeynEWQrzk_000030.mp4,"male speech, man speaking",speech
D0WnN-DeF7Q_000030.mp4,"male speech, man speaking",speech
XSun2bN7-FY_000190.mp4,playing clarinet,music
j1ihOd2CGDk_000030.mp4,dog barking,others
z7rcrrJwINk_000047.mp4,"child speech, kid speaking",speech
gjpndNPlxvc_000180.mp4,thunder,others
Bkx-g0MHnUs_000020.mp4,playing accordion,music
Xkvd3JBI5YI_000130.mp4,playing piano,music
9ufDbb39fxY_000030.mp4,playing piano,music
UPY27ymmwrs_000090.mp4,"child speech, kid speaking",speech
81-2aqcsT7s_000210.mp4,"male speech, man speaking",speech
id-fOnv0ZM4_000030.mp4,playing accordion,music
35X12m776ds_000030.mp4,"female speech, woman speaking",speech
t3ZAK_dTSAU_000092.mp4,playing clarinet,music
4lyT9tez4IE_000030.mp4,"female speech, woman speaking",speech
ID44l9VqqGQ_000026.mp4,playing accordion,music
CrO5TBhKZns_000580.mp4,thunder,others
W1TxcJ6XStI_000217.mp4,playing clarinet,music
F-xDFnyz_Yg_000030.mp4,playing piano,music
7N9KdQE6HB0_000030.mp4,"male speech, man speaking",speech
hvHQLQiCbxY_000050.mp4,playing accordion,music
CtrGN7mR3fw_000030.mp4,"male speech, man speaking",speech
3a5mx0D8BJU_000210.mp4,playing clarinet,music
cnv0_PfmPqk_000024.mp4,playing clarinet,music
lyc2J1NeTmA_000230.mp4,playing clarinet,music
DAh8JEeoKOs_000004.mp4,dog barking,others
DdbMROUCz7Q_000300.mp4,playing piano,music
HLvVyfCFyzY_000060.mp4,dog barking,others
Us2vbxa3sYk_000280.mp4,"child speech, kid speaking",speech
2f2P6qkmWiQ_000030.mp4,"male speech, man speaking",speech
QV-8QSE1SQM_000150.mp4,playing piano,music
sGo9mwY6cqk_000000.mp4,playing piano,music
8ei4SicQFtM_000030.mp4,"female speech, woman speaking",speech
dPLqFPhjPng_000450.mp4,thunder,others
A42nWoJl4bI_000070.mp4,playing clarinet,music
vl10UGUwdbs_000040.mp4,"child speech, kid speaking",speech
-Rl5d0Pb-Ng_000030.mp4,"female speech, woman speaking",speech
ibNKuL8geCk_000030.mp4,"female speech, woman speaking",speech
NcTopX2LkqI_000020.mp4,playing accordion,music
1wvOG7UcSNc_000030.mp4,"male speech, man speaking",speech
6ekX-zSdE64_000115.mp4,playing clarinet,music
4BuIKuEGSSM_000030.mp4,"female speech, woman speaking",speech
4SG5_5E44bU_000030.mp4,"female speech, woman speaking",speech
n6iG2f5KJKU_000516.mp4,playing clarinet,music
R-vBJraajVI_000000.mp4,"child speech, kid speaking",speech
EwzJvuVo_S0_000100.mp4,"child speech, kid speaking",speech
eaeomCv-kS4_000030.mp4,playing accordion,music
65YW3L9DqYw_000050.mp4,playing piano,music
ADGVNhlEP3k_000030.mp4,"male speech, man speaking",speech
lILhTfu9AMQ_000277.mp4,playing clarinet,music
oYJJe02orIE_000120.mp4,playing accordion,music
8KWjhWRGBYY_000077.mp4,playing clarinet,music
nENXs6n_ITI_000707.mp4,playing clarinet,music
jxA8d_pX7Ms_000565.mp4,playing accordion,music
RuyC-DMC-5Y_000030.mp4,playing accordion,music
73JnnGCf4mY_000030.mp4,"male speech, man speaking",speech
TNwB0dpDGgo_000040.mp4,"child speech, kid speaking",speech
v87vVWHYHGA_000050.mp4,"child speech, kid speaking",speech
Irg1pyjumAc_000190.mp4,"male speech, man speaking",speech
UV3woHBmK48_000260.mp4,playing piano,music
ijFPMrptrwE_000007.mp4,"child speech, kid speaking",speech
ekjpjPO3k7U_000040.mp4,dog barking,others
R_mgHakWC1g_000030.mp4,"child speech, kid speaking",speech
y1p1SmCyoDU_000000.mp4,dog barking,others
bKHha6ACv1g_000017.mp4,"child speech, kid speaking",speech
uyN-Ew9pgtU_000030.mp4,playing accordion,music
Yx396qvohX8_000015.mp4,dog barking,others
TizhrqfqXE0_000040.mp4,"child speech, kid speaking",speech
O1llCKeWM9A_000021.mp4,playing clarinet,music
1GZq9AcFu_g_000030.mp4,playing piano,music
XCpAXWM-s6s_000180.mp4,thunder,others
CX4kv67HpeE_000030.mp4,"male speech, man speaking",speech
QIHQVxCLGPo_000030.mp4,playing accordion,music
7l88xUWtZyY_000090.mp4,playing accordion,music
mfYoOTj0Ubo_000074.mp4,dog barking,others
kF3jpmKO9NY_000030.mp4,playing accordion,music
gboELKXur0M_000010.mp4,playing piano,music
Vm8PDMvIly8_000002.mp4,"child speech, kid speaking",speech
_EZwNOq2xnw_000030.mp4,"child speech, kid speaking",speech
aPBK07__7u0_000060.mp4,playing accordion,music
F7InwK7t86w_000110.mp4,playing accordion,music
U9yBACSxfWM_000430.mp4,playing piano,music
0vHTUkZJeDQ_000030.mp4,"female speech, woman speaking",speech
dkJNxaWpsSs_000220.mp4,"child speech, kid speaking",speech
TVbjnI0m3oY_000110.mp4,playing accordion,music
-StHeHGyakY_000030.mp4,playing piano,music
djzJjPkt4iI_000070.mp4,"child speech, kid speaking",speech
mTBPT6LmWXQ_000000.mp4,dog barking,others
3Z1aN7gfkNE_000408.mp4,playing clarinet,music
4-3M1ovMFU0_000030.mp4,"male speech, man speaking",speech
-TA4R3MoDSU_000000.mp4,"child speech, kid speaking",speech
hnoWfqp3nMo_000000.mp4,dog barking,others
0yyodmE6cGg_000463.mp4,playing accordion,music
-SdAy1I4yMA_000160.mp4,playing accordion,music
BDTkuYjCh64_000000.mp4,playing piano,music
1CjLsLG5sbY_000069.mp4,playing clarinet,music
a4cJUVfFWBo_000110.mp4,playing clarinet,music
Gi78R0BAMRg_000030.mp4,playing clarinet,music
JASd8LaG30k_000090.mp4,playing piano,music
6O4Xz0D-HMo_000030.mp4,"male speech, man speaking",speech
SctUKzyNPVg_000029.mp4,"female speech, woman speaking",speech
Y2QqbO06Z-w_000180.mp4,playing piano,music
4U7-yPWsR5g_000030.mp4,playing clarinet,music
-sUXWcTc_1s_000030.mp4,"male speech, man speaking",speech
7-p2sWznp-0_000050.mp4,playing piano,music
8vLuO6HiRLQ_000030.mp4,"male speech, man speaking",speech
q9Wfjx_ul_4_000000.mp4,playing accordion,music
8_Da6j2HnLM_000030.mp4,"male speech, man speaking",speech
LjVVUixQO20_000060.mp4,"child speech, kid speaking",speech
DW1K8H9dlAc_000030.mp4,"female speech, woman speaking",speech
-lQhh4Vl2Q8_000030.mp4,playing clarinet,music
kgn27MhfCmM_000250.mp4,playing clarinet,music
olCQnmVfH34_000083.mp4,playing clarinet,music
wbg19zxOVlg_000020.mp4,playing accordion,music
TAX_WcjOFZo_000110.mp4,dog barking,others
4jk63c84kr0_000130.mp4,"female speech, woman speaking",speech
0Q4d-Undq14_000042.mp4,playing accordion,music
HvoR64QiTPo_000240.mp4,"female speech, woman speaking",speech
DysjbMiIXtc_000030.mp4,"male speech, man speaking",speech
bzisbBpaeOU_000140.mp4,playing clarinet,music
9CP15PUwuMw_000030.mp4,"male speech, man speaking",speech
N1heffHp3vU_000016.mp4,dog barking,others
LjbvhogLa4o_000050.mp4,thunder,others
49qZtbMmFbg_000140.mp4,playing piano,music
zH8s5JRSyZ0_000110.mp4,"child speech, kid speaking",speech
Um98tviQDGo_000270.mp4,"female speech, woman speaking",speech
-cGXtMHD_L4_000060.mp4,"child speech, kid speaking",speech
UwKph8i3Xg4_000030.mp4,"child speech, kid speaking",speech
D59Y0elpuQk_000030.mp4,playing accordion,music
erY63EcMrY8_000003.mp4,dog barking,others
KByrSI7JkJs_000030.mp4,playing clarinet,music
3T0g5wI0ZsY_000004.mp4,"male speech, man speaking",speech
--f4Zx92FcY_000030.mp4,"male speech, man speaking",speech
BpNayTl2zzM_000030.mp4,playing accordion,music
sIdwzv6Zx4s_000320.mp4,"child speech, kid speaking",speech
sMWFTJ1iM7Q_000030.mp4,"female speech, woman speaking",speech
5RIdCKaptnA_000030.mp4,"male speech, man speaking",speech
lzUUEO0k66U_000020.mp4,dog barking,others
EN1BT3qaaIE_000160.mp4,playing accordion,music
UomqO5lPcus_000300.mp4,playing clarinet,music
3X_aoQl85Ms_000030.mp4,"male speech, man speaking",speech
EKVOZl_s3hQ_000030.mp4,"male speech, man speaking",speech
t4BPGCphqU0_000030.mp4,playing accordion,music
3HALajB-U3A_000090.mp4,playing accordion,music
5ztaUkBZ1XY_000030.mp4,"male speech, man speaking",speech
3rnvViBVuBU_000030.mp4,"female speech, woman speaking",speech
22VZxGnAnKk_000030.mp4,"male speech, man speaking",speech
QIwY39kcprA_000030.mp4,playing accordion,music
58z9Mk7XNEE_000120.mp4,"child speech, kid speaking",speech
Wxjf63xEZPg_000120.mp4,dog barking,others
ERpkJpNX7zY_000030.mp4,"female speech, woman speaking",speech
-5Zh8Ab4KX4_000006.mp4,"child speech, kid speaking",speech
n6I2j9LkQNM_000240.mp4,"child speech, kid speaking",speech
-_iPl2Au1eU_000030.mp4,"male speech, man speaking",speech
G1Oj47ygCmA_000190.mp4,playing piano,music
0FBhrBoaCO4_000030.mp4,"male speech, man speaking",speech
gRi0-hqHqB4_000010.mp4,dog barking,others
5FpnDLUT3CQ_000000.mp4,playing piano,music
Z_8w3zHzznU_000191.mp4,playing clarinet,music
BCpa-X77_Vg_000030.mp4,"female speech, woman speaking",speech
2_JlSdRCg7g_000030.mp4,"male speech, man speaking",speech
zfstYYl7_yY_000070.mp4,playing accordion,music
01_sfLC74xs_000030.mp4,"male speech, man speaking",speech
A1LXWbDIMVQ_000217.mp4,playing clarinet,music
tNrt7__GMoA_000320.mp4,"child speech, kid speaking",speech
Xxt8Qf_JsLU_000030.mp4,playing accordion,music
FIEy-SwDFoI_000030.mp4,playing piano,music
sXdri-7kKLY_000160.mp4,playing clarinet,music
10v59CD0ylk_000030.mp4,"female speech, woman speaking",speech
QmwcqSH1xYA_000130.mp4,playing piano,music
6BrUfmMAfZ8_000030.mp4,"female speech, woman speaking",speech
S6kQW17zBWg_000150.mp4,playing clarinet,music
CsIE0nNzk0A_000024.mp4,"male speech, man speaking",speech
B6kHGmBYycY_000030.mp4,dog barking,others
h8JI_KCRjqo_000440.mp4,playing piano,music
C-ahQhil_l0_000020.mp4,playing piano,music
zeY-RF2jxq8_000030.mp4,playing clarinet,music
4OV5W4TknN8_000030.mp4,"male speech, man speaking",speech
ARA_opSaDe0_000030.mp4,"female speech, woman speaking",speech
EFqh-BhkZAg_000030.mp4,"male speech, man speaking",speech
izuLObowmww_000370.mp4,"male speech, man speaking",speech
B7UTkrzrwRw_000030.mp4,"male speech, man speaking",speech
WnZs7cjG9DY_000060.mp4,"male speech, man speaking",speech
8gEyNianbCY_000030.mp4,"male speech, man speaking",speech
JVoD_Iuh73A_000371.mp4,playing clarinet,music
4dkU-c4g1VM_000163.mp4,dog barking,others
9QjJixq93jA_000060.mp4,playing piano,music
9rfkatgzhNE_000030.mp4,"male speech, man speaking",speech
7kx9FZQkmKY_000040.mp4,thunder,others
7k4uGhJDnjI_000030.mp4,"male speech, man speaking",speech
UqvdvXH2B4k_000110.mp4,playing clarinet,music
FvHYmyD2YW8_000030.mp4,"female speech, woman speaking",speech
Li3nk9blh3M_000030.mp4,"female speech, woman speaking",speech
1wKc9yOLnzM_000030.mp4,"male speech, man speaking",speech
2ERZO4pgRNo_000040.mp4,thunder,others
9urWLjwPffU_000160.mp4,"child speech, kid speaking",speech
wVXQnQeKyCc_000070.mp4,"child speech, kid speaking",speech
vE7E0A38uQM_000110.mp4,playing clarinet,music
Ky_Ve-oqnpA_000070.mp4,playing piano,music
vtGFYaaCcRg_000010.mp4,"child speech, kid speaking",speech
mt88hb4BCSE_000210.mp4,"child speech, kid speaking",speech
bnga4_LIr34_000490.mp4,playing piano,music
EkE6i6q6gRo_000420.mp4,playing clarinet,music
77KgJRJzsJs_000010.mp4,dog barking,others
y3uy3W_IVR8_000130.mp4,"female speech, woman speaking",speech
MUS3o_lBX6E_000020.mp4,"child speech, kid speaking",speech
4_rZQ7rXl8Y_000030.mp4,"male speech, man speaking",speech
KARCYxU8Mqg_000030.mp4,"female speech, woman speaking",speech
4pxb7e1U6VU_000177.mp4,dog barking,others
TByXwuzTbGE_000030.mp4,playing accordion,music
JLPpMZlBOEI_000038.mp4,playing accordion,music
rBDcLRLPZKs_000130.mp4,"child speech, kid speaking",speech
BtpiNha_AQM_000030.mp4,"male speech, man speaking",speech
45XeZOfuc9c_000254.mp4,playing clarinet,music
A8hEBkNuKcM_000324.mp4,playing accordion,music
o7N2dBqGIeA_000030.mp4,"child speech, kid speaking",speech
hvMVOIyDgvc_000271.mp4,dog barking,others
85igHnvAI4g_000280.mp4,"male speech, man speaking",speech
brz6fl7l2iM_000100.mp4,dog barking,others
2Df2DRLYFgA_000030.mp4,"female speech, woman speaking",speech
6vNJgMUPxrc_000030.mp4,"male speech, man speaking",speech
788uMledyoE_000030.mp4,"male speech, man speaking",speech
tqiaaTUJMUs_000030.mp4,playing clarinet,music
mEsJ49a5t3E_000050.mp4,playing clarinet,music
QlrlhtJw3OA_000060.mp4,"child speech, kid speaking",speech
stYfLC9CWOQ_003248.mp4,thunder,others
HhRoNuedKsM_000090.mp4,playing piano,music
6bFZ18zSMVg_000030.mp4,"male speech, man speaking",speech
S0Yjf0H1U2w_000030.mp4,"female speech, woman speaking",speech
6x_4I8m0H_w_000030.mp4,"female speech, woman speaking",speech
AwK-mGTkFk8_000000.mp4,"child speech, kid speaking",speech
5sUA0YyCbuo_000030.mp4,"female speech, woman speaking",speech
Srclfkd1dV4_000030.mp4,playing piano,music
o_aL2SHq8S0_000020.mp4,dog barking,others
PovceEcM0HY_000050.mp4,dog barking,others
GicyuhoYuB8_000010.mp4,dog barking,others
MPAb8d7muhM_000050.mp4,playing accordion,music
XpmpHxTcHDQ_000170.mp4,playing piano,music
Aqx92EYJFZI_000030.mp4,playing clarinet,music
r3oEmoD9RLE_000030.mp4,playing accordion,music
xXr74A3sAfs_000020.mp4,playing piano,music
RoKlJhCcyx0_000020.mp4,"child speech, kid speaking",speech
CMvgidD4cBc_000000.mp4,playing piano,music
RGK2m-KvHBM_000090.mp4,dog barking,others
SNjarxyIjlA_000150.mp4,"male speech, man speaking",speech
SASj8CncyFA_000010.mp4,playing clarinet,music
lwvg4HiwZgY_000004.mp4,dog barking,others
KsfEOaJdvko_000110.mp4,"child speech, kid speaking",speech
PU5n9RW5THM_000030.mp4,playing accordion,music
KEgNNPNYrmk_000300.mp4,playing piano,music
CuxWlXrmWSs_000030.mp4,"male speech, man speaking",speech
RMjwlqXpizs_000030.mp4,playing piano,music
1pWxMCjOj7Q_000030.mp4,"male speech, man speaking",speech
-C66I4YOr4o_000270.mp4,playing piano,music
n3bX64Z_Yds_000000.mp4,playing clarinet,music
9Lq9cKuGO9c_000011.mp4,"female speech, woman speaking",speech
UrLBGJFM2vQ_000010.mp4,"child speech, kid speaking",speech
nk9Qyhc4rXI_000090.mp4,playing accordion,music
d1pZdj6IzXw_000150.mp4,playing accordion,music
F4VFJs2TuXg_000130.mp4,playing clarinet,music
9tgPf3LJvL4_000290.mp4,dog barking,others
2dZN-_9Xb9k_000010.mp4,playing piano,music
VSbeirT8kXg_000050.mp4,"child speech, kid speaking",speech
rzyq5P6ul38_000180.mp4,playing accordion,music
9SVdcLm1Ask_000030.mp4,"male speech, man speaking",speech
NeJ6qQVktwI_000210.mp4,"child speech, kid speaking",speech
AeWB7JHBq_Y_000070.mp4,playing accordion,music
WjZEI1W-O_A_000000.mp4,playing clarinet,music
CkF5SfF5rUQ_000030.mp4,"male speech, man speaking",speech
-w6sZ-nutlA_000034.mp4,playing accordion,music
ymmBT1gs8pM_000126.mp4,playing clarinet,music
QUunAF0sf-s_000030.mp4,dog barking,others
PfDutKjArzo_000034.mp4,playing clarinet,music
s8Y3H9at1XI_000280.mp4,thunder,others
jv1zktjynV8_000040.mp4,"child speech, kid speaking",speech
AZTNjXxYnoc_000035.mp4,playing accordion,music
kOa9d2E9gNo_000020.mp4,playing clarinet,music
hT9jz1kiJSA_000222.mp4,playing clarinet,music
RV0Bi-Ff5Gs_000030.mp4,playing accordion,music
G8GLUoEFiOY_000060.mp4,"child speech, kid speaking",speech
tetfFdwhJBo_000000.mp4,"child speech, kid speaking",speech
vCrzVbBRAm8_000040.mp4,"female speech, woman speaking",speech
Z-8cU1dMjvs_000470.mp4,playing piano,music
IgP-FA06k5o_000030.mp4,playing piano,music
wIwML67Co7E_000080.mp4,playing piano,music
YoDZHhhXDsA_000050.mp4,"child speech, kid speaking",speech
8ugZkKeLL7Y_000030.mp4,"male speech, man speaking",speech
95nGPztdBDg_000030.mp4,"female speech, woman speaking",speech
DJF7FEg3Thk_000090.mp4,playing piano,music
y_y4PWN259U_000130.mp4,playing piano,music
pwDB8A38XH4_000030.mp4,thunder,others
QVvuFX4AS1E_000074.mp4,playing clarinet,music
vW1r141czvk_000060.mp4,dog barking,others
KnXRLSA741Q_000020.mp4,"child speech, kid speaking",speech
YWK5lEbVyOQ_000190.mp4,playing piano,music
qcMJtol-xTQ_000020.mp4,playing accordion,music
sLBIQKaBfls_000110.mp4,"male speech, man speaking",speech
hcmet53kp5A_000000.mp4,"child speech, kid speaking",speech
oWNhztzCPk4_000160.mp4,playing piano,music
jYUGEhglqGY_000076.mp4,playing accordion,music
Q8QUlXdiyqY_000030.mp4,playing accordion,music
KdFbCaI4Hes_000090.mp4,playing piano,music
egb6Cuoph0k_000060.mp4,"male speech, man speaking",speech
4TkBeWLHSJA_000000.mp4,"male speech, man speaking",speech
-QWW4GPZYuU_000030.mp4,playing accordion,music
L2zidDxyBjw_000220.mp4,playing accordion,music
nQXhVKsRI6w_000000.mp4,dog barking,others
5Ekh5H-aBkA_000030.mp4,"male speech, man speaking",speech
gRcKTzJBb2Y_000066.mp4,playing clarinet,music
B1-caXnkpok_000030.mp4,"male speech, man speaking",speech
GhIKtrM8KKQ_000010.mp4,playing piano,music
2nEhDlYHT-Y_000030.mp4,"male speech, man speaking",speech
tSKxRQT0qLM_000070.mp4,dog barking,others
8HQYlb4Hkcs_000050.mp4,"female speech, woman speaking",speech
0-mZYGykPJQ_000030.mp4,"male speech, man speaking",speech
dq6gt4o4lCg_000120.mp4,"female speech, woman speaking",speech
ezrFZ8zBzTE_000596.mp4,"female speech, woman speaking",speech
MDMAII5DGg4_000030.mp4,"female speech, woman speaking",speech
35eqrTPl5lk_000030.mp4,"male speech, man speaking",speech
j703BTNO-60_000230.mp4,"female speech, woman speaking",speech
-7884X3Z6b4_000030.mp4,"male speech, man speaking",speech
7KSXUptBBYQ_000090.mp4,dog barking,others
N8SeweHSAPI_000310.mp4,"child speech, kid speaking",speech
koYvZ3SklIQ_000040.mp4,"female speech, woman speaking",speech
KNAXYJ_MBQA_000014.mp4,"male speech, man speaking",speech
-lyVixrALq4_000220.mp4,playing clarinet,music
7y_pt2WEDKs_000420.mp4,"female speech, woman speaking",speech
wNQ3qOpy2Eo_000150.mp4,dog barking,others
oUMRzRjPmZQ_000060.mp4,thunder,others
2W07KhTqeZI_000030.mp4,"male speech, man speaking",speech
DYZILVKJB4c_000030.mp4,"male speech, man speaking",speech
Kmc1xORQfgk_000020.mp4,playing accordion,music
Mqt9NteKs-0_000090.mp4,dog barking,others
21MXZZeg0vQ_000030.mp4,"male speech, man speaking",speech
EpvrM4D_cPk_000030.mp4,"female speech, woman speaking",speech
_KDsnpPCClU_000030.mp4,"child speech, kid speaking",speech
xbdtvYMXsaI_000250.mp4,"female speech, woman speaking",speech
787efDWRVyE_000040.mp4,thunder,others
CZxkTPDarHM_000010.mp4,"female speech, woman speaking",speech
C9UCiveGAeE_000030.mp4,playing accordion,music
0pz8bFAYl9M_000030.mp4,"male speech, man speaking",speech
YEmynA8tepc_000009.mp4,dog barking,others
NqApyBkY9Sg_000230.mp4,playing accordion,music
3VIyOLiNfNw_000070.mp4,playing piano,music
5YkxPAFXTJc_000210.mp4,"child speech, kid speaking",speech
fzQiGzcfjQ8_000150.mp4,playing accordion,music
SiaJZddf_78_000000.mp4,playing clarinet,music
gcqJ_LMlp4o_000045.mp4,"child speech, kid speaking",speech
A8wD7qAZI8g_000140.mp4,playing piano,music
Hj9XMlY6uKk_000220.mp4,"child speech, kid speaking",speech
0I_4OWydbJI_000440.mp4,"child speech, kid speaking",speech
HOQc5Bn6-yI_000060.mp4,"child speech, kid speaking",speech
0lFf-HP86Q0_000030.mp4,"female speech, woman speaking",speech
EY3eKRrFgjI_000030.mp4,"female speech, woman speaking",speech
goaXCdjn22E_000110.mp4,playing clarinet,music
3vt_NO9qJik_000250.mp4,"female speech, woman speaking",speech
Jy7FKp8j0VY_000430.mp4,"child speech, kid speaking",speech
ueqpEirvZuE_000420.mp4,"male speech, man speaking",speech
B-QzSJSNTI4_000030.mp4,"female speech, woman speaking",speech
-RnWcqsgvyc_000030.mp4,"male speech, man speaking",speech
0igJQMIXtMw_000030.mp4,"male speech, man speaking",speech
Cu3Y18649pE_000520.mp4,"child speech, kid speaking",speech
iaTe4kzhv80_000050.mp4,playing clarinet,music
edKFpadnEpQ_000060.mp4,playing accordion,music
Acc8vfKZxNA_000097.mp4,playing piano,music
iJreyXMAWf4_000020.mp4,dog barking,others
CjnGh3BH_VU_000030.mp4,"male speech, man speaking",speech
TyXtLbfQM4U_000070.mp4,"child speech, kid speaking",speech
S7wSQPxkHvk_000130.mp4,playing clarinet,music
C9LAkMLXg5I_000030.mp4,"female speech, woman speaking",speech
5qwINN3Yb0k_000060.mp4,playing piano,music
RJboGTbCAVU_000060.mp4,"child speech, kid speaking",speech
AozIueaBoUg_000030.mp4,"child speech, kid speaking",speech
VftocVO93uE_000114.mp4,playing accordion,music
5YU7k-5BA8k_000150.mp4,playing clarinet,music
2_ljDKHdv6g_000000.mp4,dog barking,others
1OsEAVfqRvI_000030.mp4,"male speech, man speaking",speech
g2sD6w-D2wI_000320.mp4,"child speech, kid speaking",speech
enTc5mGeKfQ_000080.mp4,playing accordion,music
AyA1-JC0cZc_000030.mp4,"child speech, kid speaking",speech
JNSVNNBnIKs_000150.mp4,playing accordion,music
6z7XFLJaZn0_000000.mp4,"child speech, kid speaking",speech
6etaTNWtq6U_000019.mp4,"male speech, man speaking",speech
CjBDGHcA65s_000030.mp4,"male speech, man speaking",speech
fdCOuABle8A_000000.mp4,dog barking,others
7VEsM8fN1RM_000030.mp4,"male speech, man speaking",speech
FSLRAZ8BuJc_000040.mp4,"child speech, kid speaking",speech
xYFMI1zHosg_000330.mp4,playing clarinet,music
5mLoJutABPY_000160.mp4,playing clarinet,music
9apUXmPNewg_000030.mp4,"male speech, man speaking",speech
pFlnhutrDRo_000030.mp4,playing clarinet,music
WSuqeuN_vvM_000010.mp4,dog barking,others
2D9yY-BHDdg_000170.mp4,playing clarinet,music
aikbsVJLov0_000010.mp4,playing piano,music
7fUEAw_H1xw_000050.mp4,dog barking,others
UVVlDBD08Go_000028.mp4,playing accordion,music
w3h811WcAJY_000090.mp4,"child speech, kid speaking",speech
RqryUVDO7bw_000190.mp4,playing piano,music
J1XEU1r4Jq4_000310.mp4,playing clarinet,music
jdHgwWR5Gdk_000070.mp4,playing accordion,music
VRzO1cDfjeo_000030.mp4,thunder,others
aMCZ-JbSCmE_000000.mp4,thunder,others
86WatX88ULo_000030.mp4,"female speech, woman speaking",speech
o7OaQMiJc3o_000017.mp4,playing clarinet,music
1BFpJ67aM6s_000030.mp4,"female speech, woman speaking",speech
gs6GcOCNLuI_000120.mp4,playing accordion,music
DiJKMmsS5S4_000040.mp4,"child speech, kid speaking",speech
3ut02qEj3Z8_000260.mp4,playing clarinet,music
389JzKT477M_000030.mp4,"child speech, kid speaking",speech
1faF0rt_yCA_000030.mp4,"male speech, man speaking",speech
wfssdCcmXKQ_000000.mp4,playing piano,music
3KX4lLlY_wE_000100.mp4,playing accordion,music
077_m7wNT3I_000020.mp4,dog barking,others
4VMy_t0usWk_000006.mp4,thunder,others
MWODeQJ5wYQ_000000.mp4,playing clarinet,music
QAjHmeYpTDo_000000.mp4,playing clarinet,music
ZvxW6OYZXpk_000230.mp4,"child speech, kid speaking",speech
9R52fivn0dE_000030.mp4,"male speech, man speaking",speech
Pw63oKowcRU_000260.mp4,playing clarinet,music
6KzC13g2ddc_000160.mp4,playing piano,music
pUjFZqFJAOE_000040.mp4,"female speech, woman speaking",speech
GTnMO_wVKM0_000040.mp4,"child speech, kid speaking",speech
odV7akcCjzw_000080.mp4,playing accordion,music
iAykQrBfy68_000021.mp4,playing clarinet,music
z0hVEgGt9Bk_000050.mp4,playing clarinet,music
YTtOvAwBrWs_000000.mp4,playing accordion,music
YqELHZgNpBg_000560.mp4,"child speech, kid speaking",speech
8GKYuIGmE4A_000250.mp4,playing piano,music
4sPa8dPpxQo_000030.mp4,playing accordion,music
-tyaFsrd4wc_000030.mp4,"male speech, man speaking",speech
bMb9Yg_Aa3c_000050.mp4,playing accordion,music
AFYM2XJKUc0_000120.mp4,playing accordion,music
8A27nWeMxSM_000030.mp4,"male speech, man speaking",speech
4jkUPQA9ApM_000030.mp4,"male speech, man speaking",speech
pwMcY1OfL7U_000070.mp4,playing accordion,music
j9_5n1xvycE_000000.mp4,playing accordion,music
QSlANV08cvw_000259.mp4,playing clarinet,music
B4qlXfHLsPY_000030.mp4,dog barking,others
1z3TrNzmAaw_000211.mp4,playing clarinet,music
7nP0D8tkC0U_000110.mp4,"child speech, kid speaking",speech
aMFjOF48PgY_000000.mp4,playing accordion,music
MuJQF1bmlrs_000054.mp4,playing clarinet,music
5yo90PoKOT8_000050.mp4,dog barking,others
WHwZkp5wtNs_000040.mp4,dog barking,others
0245OEwISn4_000030.mp4,"male speech, man speaking",speech
eESVZwWKOOE_000020.mp4,"female speech, woman speaking",speech
miP7R_EpdXw_000110.mp4,"female speech, woman speaking",speech
FkknNFvKu7M_000050.mp4,playing clarinet,music
4C9MNoeq69I_000060.mp4,"child speech, kid speaking",speech
DI1UW_uxTjw_000100.mp4,playing clarinet,music
0jE2g055zRA_000031.mp4,playing clarinet,music
K1DHGdAOBH8_000044.mp4,playing clarinet,music
WBFQa1SC-Mk_000030.mp4,playing accordion,music
F21rkbmpUDc_000200.mp4,playing piano,music
-qnlkFt5e_w_000015.mp4,playing clarinet,music
IfhAp4XSL3c_000120.mp4,playing piano,music
0gWZPaoH3pA_000000.mp4,"child speech, kid speaking",speech
DBZyRBNb3no_000077.mp4,playing clarinet,music
dEhbHifINNs_000090.mp4,"child speech, kid speaking",speech
286Fze2rNms_000030.mp4,thunder,others
bLKRTJeRsB8_000100.mp4,dog barking,others
4C965Slm45o_000030.mp4,"male speech, man speaking",speech
Dd75c7jKack_000390.mp4,playing clarinet,music
c4h8WBmgUuE_000030.mp4,"child speech, kid speaking",speech
m_7BjYa44lo_000030.mp4,"child speech, kid speaking",speech
Y0Ucv10tSZY_000420.mp4,"child speech, kid speaking",speech
FkZrNTGMvYs_000110.mp4,playing clarinet,music
3BIGyDCEl9Q_000030.mp4,"female speech, woman speaking",speech
Td8b5nq5gec_000120.mp4,playing accordion,music
-8zyGG5y3io_000030.mp4,"female speech, woman speaking",speech
Zh3bYVqzGUU_000100.mp4,"child speech, kid speaking",speech
8Oh35BYGsqY_000030.mp4,"male speech, man speaking",speech
gUZ2Slr4Tko_000096.mp4,playing clarinet,music
qul5u3Q-G4A_000030.mp4,playing accordion,music
EFiCpvwJ9Bg_000110.mp4,playing clarinet,music
eKAmq0tOz0Q_000080.mp4,playing accordion,music
IwnFtnmCifY_000070.mp4,playing clarinet,music
ZUEfsa5MScI_000267.mp4,playing clarinet,music
8Ra_sGKxUdA_000030.mp4,"female speech, woman speaking",speech
4dDQq_dDp0k_000030.mp4,dog barking,others
dGcPn8_zfsA_000180.mp4,"child speech, kid speaking",speech
MmBrM1jZ6xM_000250.mp4,"child speech, kid speaking",speech
FVOHV7IjwLg_000072.mp4,playing accordion,music
omeF8cles_Q_000070.mp4,"child speech, kid speaking",speech
A3Y6ukMczQA_000020.mp4,playing accordion,music
WkzSqBkPAE0_000020.mp4,playing piano,music
czqshbPTwKQ_000450.mp4,playing piano,music
ECB8TCICvcM_000080.mp4,playing piano,music
pMgEBg1XwME_000030.mp4,playing accordion,music
1EDAgUaPtTs_000020.mp4,playing piano,music
iUwILC0nOWM_000060.mp4,playing clarinet,music
1JX2D24_BCE_000030.mp4,playing clarinet,music
-mdPX2djAUY_000010.mp4,dog barking,others
5PigxN9DWEM_000030.mp4,"male speech, man speaking",speech
K7JZR_5QUjU_000100.mp4,playing accordion,music
NJpgFHYA7NY_000050.mp4,dog barking,others
I9sTH2WRW7Q_000030.mp4,playing accordion,music
sYj4hpDUZDQ_000030.mp4,dog barking,others
2e0HjGI0GlY_000000.mp4,"male speech, man speaking",speech
OfUhKaLYx2g_000030.mp4,"child speech, kid speaking",speech
CUlZAipx4zw_000030.mp4,playing clarinet,music
-2k4RLnPDbo_000333.mp4,playing clarinet,music
cW6sznhpZVg_000030.mp4,playing accordion,music
Vs4sLLOWits_000020.mp4,dog barking,others
40gesIwjP-E_000030.mp4,"male speech, man speaking",speech
3svqgnIP8J8_000030.mp4,"male speech, man speaking",speech
UCl-ur_pr2o_000240.mp4,dog barking,others
ACDEMG9r-J8_000200.mp4,playing piano,music
7iSwZom0M8o_000030.mp4,"child speech, kid speaking",speech
R40DkjVSHl0_000120.mp4,thunder,others
QXtvlMmwizU_000010.mp4,dog barking,others
0UcGJ1G2MjM_000021.mp4,dog barking,others
gMOrQ5ScW3Y_000030.mp4,playing piano,music
BzC2Y7m7v10_000200.mp4,playing accordion,music
yiFtRz_8GBQ_000190.mp4,playing piano,music
dKPUY9Sp2Kc_000020.mp4,"child speech, kid speaking",speech
mzEG8_6TmzA_000000.mp4,playing piano,music
1Rbf-6DaNSI_000030.mp4,"male speech, man speaking",speech
fT6VzQ6-YqU_000070.mp4,thunder,others
EpjA5BwIS-k_000040.mp4,thunder,others
Ibbl6TewkHo_000220.mp4,thunder,others
Su5BitXzJkg_000529.mp4,playing accordion,music
9w_I1W3XgE0_000030.mp4,"male speech, man speaking",speech
lR7wipXSH6U_000140.mp4,playing accordion,music
mEMdjUpZV84_000030.mp4,"child speech, kid speaking",speech
8AzV_Sz-oYw_000037.mp4,playing clarinet,music
nM3K9Mjuod0_000450.mp4,"child speech, kid speaking",speech
qY7bY1p7V8s_000150.mp4,"female speech, woman speaking",speech
ON8aBanZeNk_000490.mp4,playing clarinet,music
vMP00V6mFxc_000330.mp4,"child speech, kid speaking",speech
gXsj78fR1zc_000010.mp4,playing clarinet,music
HXCfUHxFkTI_000000.mp4,playing accordion,music
Q1L7bmVBEsA_000062.mp4,playing clarinet,music
LwFe08rcl8k_000480.mp4,playing piano,music
FUDwqBG3YaQ_000020.mp4,dog barking,others
gh5YBFqpKB0_000150.mp4,"child speech, kid speaking",speech
eV3xxM-Kfxc_000130.mp4,thunder,others
wtoN8e6T4VE_000581.mp4,playing clarinet,music
9il04sh1f7I_000030.mp4,"female speech, woman speaking",speech
FIPvchztENM_000030.mp4,playing accordion,music
tFWC86tO6O0_000050.mp4,playing piano,music
ymfJ8AfFLqo_000100.mp4,playing clarinet,music
_li-E5pK59I_000010.mp4,playing piano,music
QwO2vONreas_000030.mp4,playing piano,music
-v6FmvDPYDk_000000.mp4,playing clarinet,music
BNqedIgXi8w_000030.mp4,"female speech, woman speaking",speech
o8VQmQJaqfg_000030.mp4,dog barking,others
8N8bqYwXIxY_000030.mp4,"male speech, man speaking",speech
a2gt6vtJ14E_000060.mp4,playing clarinet,music
9SbHfllYV_k_000140.mp4,playing clarinet,music
JYDD07wZQjQ_000030.mp4,playing accordion,music
wNczVtrEh5A_000040.mp4,"child speech, kid speaking",speech
EDzXkdZhRbY_000030.mp4,"male speech, man speaking",speech
4TZlckoATkE_000010.mp4,playing piano,music
smA0346vG5c_000395.mp4,playing accordion,music
XPMt47G_w98_000000.mp4,"child speech, kid speaking",speech
zsM0r0J7iYU_000030.mp4,playing accordion,music
36xzrUTlmKw_000040.mp4,dog barking,others
0jAkSpqFe4s_000040.mp4,playing accordion,music
UhHd9y90SFA_000740.mp4,playing clarinet,music
5t3iuH1YJMs_000030.mp4,"child speech, kid speaking",speech
Im1UwtffSmY_000030.mp4,dog barking,others
8MtHQbxxSi0_000030.mp4,"male speech, man speaking",speech
oXrYAlZ-HYA_000030.mp4,"child speech, kid speaking",speech
hnqPltW10Zo_000092.mp4,dog barking,others
2hVYLo6dcoc_000030.mp4,"male speech, man speaking",speech
tD9rMw8YPBI_000030.mp4,"child speech, kid speaking",speech
-OotdhPEnos_000030.mp4,"male speech, man speaking",speech
J37Xq77HKjo_000180.mp4,"female speech, woman speaking",speech
GT6RGtEIbyM_000110.mp4,"male speech, man speaking",speech
AN4zXeh1S3g_000030.mp4,"female speech, woman speaking",speech
E0IxV6UEqZ8_000080.mp4,dog barking,others
JgK7iC7q-_A_000360.mp4,"male speech, man speaking",speech
WEVPMIx6BNU_000070.mp4,"child speech, kid speaking",speech
wOQO3eFasqo_000040.mp4,"child speech, kid speaking",speech
ZoGBNSf5_RM_000180.mp4,playing accordion,music
-sXb-urx3Y0_000000.mp4,playing clarinet,music
DuVIP2L8glM_000030.mp4,playing accordion,music
C8-yiaWVsHM_000030.mp4,"male speech, man speaking",speech
razwmiIQksE_000030.mp4,playing accordion,music
KfMY57iKVRA_000091.mp4,playing clarinet,music
5bcWho62nOw_000030.mp4,"male speech, man speaking",speech
2KthesdTICw_000030.mp4,"female speech, woman speaking",speech
iTPVDE5y8XQ_000040.mp4,dog barking,others
DNZFBRTiODs_000000.mp4,"child speech, kid speaking",speech
8KWjhWRGBYY_000011.mp4,playing clarinet,music
JzGTHEQJm5A_000070.mp4,playing piano,music
gVs9LBoayNw_000170.mp4,playing piano,music
jIrRsIbiOcA_000034.mp4,playing clarinet,music
-t7hvpjdCpY_000030.mp4,playing piano,music
8gdvt07xNMs_000100.mp4,playing clarinet,music
CzSpgDNDX-M_000007.mp4,dog barking,others
QgEi6pAW36g_000150.mp4,"male speech, man speaking",speech
J7UQcyJYxM8_000160.mp4,playing piano,music
CalQByLEuH0_000030.mp4,"male speech, man speaking",speech
1gDcPnV9CDM_000140.mp4,thunder,others
6BEl-muSUqY_000030.mp4,"female speech, woman speaking",speech
3wD_ABnsxx8_000125.mp4,playing clarinet,music
1KZ0cJhqmW4_000060.mp4,dog barking,others
zltJPqiLC0M_000030.mp4,dog barking,others
erHWHUMsy-Y_000030.mp4,playing accordion,music
wclSeMjX8zI_000060.mp4,playing clarinet,music
SQjt8CMaIBs_000030.mp4,playing accordion,music
4tNWjh4s2qQ_000175.mp4,playing clarinet,music
M0civQqr73M_000210.mp4,playing piano,music
2tlSUSvX9RY_000030.mp4,"male speech, man speaking",speech
he7Ku48D4rw_000030.mp4,"male speech, man speaking",speech
Z1WDQv0KsDA_000090.mp4,"female speech, woman speaking",speech
ho0rgHyQ9Jo_000599.mp4,playing clarinet,music
dYvTII4aVYQ_000160.mp4,playing piano,music
V-YnMRT9Si0_000060.mp4,"child speech, kid speaking",speech
0FE2J7RJrco_000040.mp4,thunder,others
U8fnPonV8_E_000152.mp4,playing clarinet,music
9hjgoimXaOY_000030.mp4,"male speech, man speaking",speech
ArogHCPFKKg_000190.mp4,playing piano,music
2LgfRZq3w3w_000030.mp4,"female speech, woman speaking",speech
b5AFBnEhexY_000040.mp4,"child speech, kid speaking",speech
wTzlzSTOhok_000050.mp4,"child speech, kid speaking",speech
HR_8lYLA81Q_000000.mp4,playing piano,music
J9eq1KW3CPE_000010.mp4,playing piano,music
CyZB1asF1cM_000030.mp4,"male speech, man speaking",speech
QGTrpaIGiRw_000020.mp4,playing accordion,music
CCG1pdo8vyg_000020.mp4,"female speech, woman speaking",speech
-LnO0gwFvTU_000030.mp4,playing accordion,music
1s6xOx6Az-Q_000030.mp4,"male speech, man speaking",speech
05C2ZS6Ngt0_000030.mp4,"male speech, man speaking",speech
4inDbYLMsk0_000480.mp4,"child speech, kid speaking",speech
RWA41PTeFqM_000300.mp4,playing piano,music
B1PCfww3WaU_000440.mp4,"child speech, kid speaking",speech
2HdaWygLPPo_000030.mp4,playing piano,music
IZQv6lPBdLQ_000100.mp4,playing accordion,music
DrVso0pr5nM_000169.mp4,playing clarinet,music
wujVFgshLAI_000020.mp4,playing piano,music
xHeyoXwrJB8_000030.mp4,playing accordion,music
cq33ThZ4CBU_000095.mp4,playing accordion,music
vdgz7df2ttI_000024.mp4,"male speech, man speaking",speech
St_0xXOYuw4_000060.mp4,playing piano,music
c5lZ6ZYxD1U_000040.mp4,dog barking,others
R_J_Sp7eZ1c_000030.mp4,playing accordion,music
3sp7-5pJXYg_000030.mp4,"male speech, man speaking",speech
O8O3fut6usA_000120.mp4,playing accordion,music
7-xtC5OdB7Q_000080.mp4,playing accordion,music
BUNrz3sXkMI_000070.mp4,dog barking,others
5Bsk3rdszgE_000030.mp4,"male speech, man speaking",speech
33f28SQ_vDo_000030.mp4,"male speech, man speaking",speech
0FI78Sv_BL4_000030.mp4,"female speech, woman speaking",speech
Wulj_n09wXA_000049.mp4,dog barking,others
ZUjum5gZMKM_000140.mp4,playing accordion,music
B849IGLRXoI_000030.mp4,playing accordion,music
lvLBs7LZeKA_000080.mp4,"child speech, kid speaking",speech
Ic_MLf2ioDE_000030.mp4,playing clarinet,music
kCuRRVdCBZM_000200.mp4,"female speech, woman speaking",speech
n6PsRVMWfbg_000100.mp4,playing piano,music
JaX8gGsHCEo_000000.mp4,thunder,others
qxhHQ11MyFk_000230.mp4,playing piano,music
-5TlMbSgt6M_000030.mp4,"male speech, man speaking",speech
0x7cipZwDu4_000030.mp4,"male speech, man speaking",speech
iQMIGLrKlTI_000260.mp4,playing accordion,music
uihwxexH0mQ_000028.mp4,dog barking,others
-pd7_XFFy0A_000100.mp4,dog barking,others
ssvTzup-aW4_000170.mp4,playing piano,music
hmBdY7uuG0Y_000130.mp4,playing piano,music
C_mXH5ftdMs_000030.mp4,"male speech, man speaking",speech
74wtHTys7hA_000120.mp4,playing accordion,music
K3KD4ekUw9c_000130.mp4,thunder,others
8-fR9LGNmag_000110.mp4,playing piano,music
iQXOOIZrSVo_000060.mp4,dog barking,others
elPLRuC8RNw_000220.mp4,playing piano,music
hbV443Ypky0_000110.mp4,playing accordion,music
xBzHwTqmVWY_000120.mp4,playing accordion,music
6vidCrsHuDY_000030.mp4,"child speech, kid speaking",speech
uYeBj545MeM_000040.mp4,"child speech, kid speaking",speech
G3wmwpXvOH0_000150.mp4,"child speech, kid speaking",speech
3lmTC5eaZ3o_000010.mp4,"child speech, kid speaking",speech
KE1CGA65eZo_000020.mp4,thunder,others
dBK-EHzvulk_000430.mp4,"child speech, kid speaking",speech
ETb9EIQOMAA_000030.mp4,"female speech, woman speaking",speech
5sfjb1wtia0_000000.mp4,playing clarinet,music
8TtO31y9H6g_000030.mp4,"female speech, woman speaking",speech
9lcQ8HdZqMU_000030.mp4,"male speech, man speaking",speech
oaM_GiCUsOk_000149.mp4,playing clarinet,music
2jCkNdoSQ8E_000230.mp4,playing piano,music
ha_8IR3qUgs_000000.mp4,playing clarinet,music
3xCijG1zmBo_000520.mp4,playing clarinet,music
sc2SdbNs73Q_000220.mp4,"child speech, kid speaking",speech
A6i1XUWpI-A_000030.mp4,"male speech, man speaking",speech
PtgVRE9Hjao_000010.mp4,playing piano,music
b4RDMoqaLfM_000030.mp4,playing piano,music
zEaCRqoShKk_000160.mp4,playing clarinet,music
skeFawZe__U_000030.mp4,playing piano,music
LMoSZHxyQBg_000290.mp4,"child speech, kid speaking",speech
CyembYRaV0A_000030.mp4,"male speech, man speaking",speech
Jyswgt_-XO8_000090.mp4,playing piano,music
gL1tIBtSO98_000020.mp4,"child speech, kid speaking",speech
0jeLcHNUkDk_000030.mp4,"female speech, woman speaking",speech
bngAUddl1rc_000020.mp4,"child speech, kid speaking",speech
UQ9vzGyz3pE_000100.mp4,"child speech, kid speaking",speech
ISNYVRPmbtQ_000570.mp4,"child speech, kid speaking",speech
1E35uS6Zcr0_000030.mp4,"male speech, man speaking",speech
I9G6Nu0OXxA_000290.mp4,playing piano,music
hCxobImekyY_000020.mp4,"child speech, kid speaking",speech
-RGUSEnACXc_000030.mp4,playing clarinet,music
nVZnzbux0h0_000070.mp4,dog barking,others
9OehbTTT6cM_000070.mp4,"child speech, kid speaking",speech
CqCDRffgWSY_000030.mp4,"male speech, man speaking",speech
T79l7dlAsi8_000035.mp4,dog barking,others
Apxr8hRb0D8_000030.mp4,"female speech, woman speaking",speech
-3Q3Hgr5lhw_000370.mp4,"child speech, kid speaking",speech
CpF3326_b5g_000106.mp4,playing piano,music
0gmjKh4rxuA_000030.mp4,"male speech, man speaking",speech
yAZ9SEzyDRQ_000050.mp4,playing piano,music
MUPwu3O5Qaw_000020.mp4,dog barking,others
GL063ubdwUU_000200.mp4,"female speech, woman speaking",speech
1DdGJjLIDCc_000030.mp4,"female speech, woman speaking",speech
juD33SBjpFU_000021.mp4,playing clarinet,music
iBj2pGgTJIg_000090.mp4,"child speech, kid speaking",speech
GBcF0Wdfv20_000170.mp4,playing piano,music
EAplBw-doD0_000004.mp4,dog barking,others
AUmQCh7ZqOI_000028.mp4,"child speech, kid speaking",speech
amVilyZ0B_M_000060.mp4,playing piano,music
Hw3nABhbXPI_000240.mp4,"female speech, woman speaking",speech
WOXlQSuMjd0_000050.mp4,"child speech, kid speaking",speech
1URGvicj3JI_000030.mp4,"female speech, woman speaking",speech
GjeEtQXn2Hk_000030.mp4,"male speech, man speaking",speech
u8qFCfqssGM_000140.mp4,playing clarinet,music
O9tLHRu-WeY_000000.mp4,dog barking,others
oYS6jJdC0KI_000000.mp4,playing clarinet,music
jcEQDtWK_II_000080.mp4,playing piano,music
8se1WXr-kVM_000038.mp4,playing clarinet,music
rpI4U9XwZZE_000000.mp4,playing accordion,music
1XLavdLvIoc_000030.mp4,"male speech, man speaking",speech
JUSHnaGOssw_000000.mp4,"child speech, kid speaking",speech
RQOzaqt9IIY_000030.mp4,dog barking,others
6m8w5dqPbSk_000030.mp4,"male speech, man speaking",speech
g5o2QfqORNE_000080.mp4,playing accordion,music
tkEfCrmfLUM_000030.mp4,dog barking,others
dnygdMFQabg_000090.mp4,"child speech, kid speaking",speech
8ZFix37__0w_000030.mp4,"male speech, man speaking",speech
-V2uLG7pjnc_000004.mp4,playing clarinet,music
A0ciL4tAh9c_000020.mp4,dog barking,others
zvofIDLxn3I_000060.mp4,playing piano,music
LHjIPTqS94k_000030.mp4,dog barking,others
4f9UTGjtV5Q_000030.mp4,"male speech, man speaking",speech
wExA89T9KHI_000310.mp4,playing clarinet,music
m882JYWOfGE_000010.mp4,"female speech, woman speaking",speech
DrI_lsVHdIU_000130.mp4,"child speech, kid speaking",speech
RZw8H1pc4oc_000017.mp4,playing accordion,music
6oAl8ZIOr0c_000030.mp4,"male speech, man speaking",speech
7CI7MkLZk8Y_000030.mp4,"female speech, woman speaking",speech
EdM3N_GRo1s_000009.mp4,"male speech, man speaking",speech
t72-bvBn8bE_000250.mp4,playing piano,music
-m-gudHhLxc_000030.mp4,"male speech, man speaking",speech
6NRZnRu3z5Q_000030.mp4,playing accordion,music
7vpH93q9St4_000030.mp4,thunder,others
EMT1qKVS3aA_000030.mp4,"male speech, man speaking",speech
_ckZ081SIgI_000030.mp4,playing piano,music
RGurTRr5gOY_000049.mp4,playing clarinet,music
Biju_PGvkTc_000090.mp4,"child speech, kid speaking",speech
NtjQmKM-804_000176.mp4,thunder,others
2Z4bIBKxirc_000420.mp4,"child speech, kid speaking",speech
NWnBdaDs0EA_000140.mp4,playing piano,music
dIpV7XicApQ_000070.mp4,playing accordion,music
3Skdi7OCclM_000080.mp4,"child speech, kid speaking",speech
L--8zU4oazc_000240.mp4,"child speech, kid speaking",speech
4a7D1PaAFa0_000030.mp4,"male speech, man speaking",speech
ESlYQyNmlc8_000030.mp4,"male speech, man speaking",speech
1BonlocdKno_000066.mp4,playing accordion,music
jsXNLUdopko_000380.mp4,playing clarinet,music
EpqpLeILZvk_000150.mp4,playing piano,music
wlGiRzk8o5w_000020.mp4,dog barking,others
d2ZNxSDpPSc_000015.mp4,playing accordion,music
xf0cheS5wFM_000090.mp4,playing piano,music
trh0PZ_lhKc_000030.mp4,dog barking,others
aekpFcDUAqU_000079.mp4,playing clarinet,music
dRULggc7_3E_000270.mp4,dog barking,others
H-mf2A8uNPI_000016.mp4,playing clarinet,music
bHcqjq9pcfM_000029.mp4,playing accordion,music
jLE8dPkmTEk_000010.mp4,dog barking,others
D0EXa09ofO8_000030.mp4,"female speech, woman speaking",speech
LdW00H-SZ9U_000020.mp4,playing piano,music
BwCc0LFt0nU_000030.mp4,playing accordion,music
pHWnr9Sn_Bk_000010.mp4,"child speech, kid speaking",speech
LbotTJO5WXk_000030.mp4,playing accordion,music
EiAMlER7u4s_000030.mp4,"female speech, woman speaking",speech
I1FGeXPXba8_000050.mp4,"child speech, kid speaking",speech
n7oHbqhyGpE_000110.mp4,playing accordion,music
3ZDeguYgcmk_000030.mp4,"male speech, man speaking",speech
m_vcetRRBhA_000000.mp4,playing piano,music
qYpb_3oAM0k_000070.mp4,playing accordion,music
_Nz7aasD2tk_000247.mp4,playing piano,music
8WozDGyDHN0_000130.mp4,"child speech, kid speaking",speech
6SnNgIK_PW4_000030.mp4,"male speech, man speaking",speech
Qq43iWv-ZeY_000570.mp4,"child speech, kid speaking",speech
KTvSfeCRxe8_000621.mp4,"female speech, woman speaking",speech
XuSmnAhxZoo_000268.mp4,playing clarinet,music
QtHALm9dj2o_000030.mp4,playing accordion,music
ufCPGoDcXLQ_000190.mp4,dog barking,others
R3C1n611idY_000090.mp4,dog barking,others
xVSijeBEm_8_000000.mp4,playing clarinet,music
bAWbEmzOMro_000030.mp4,playing piano,music
kU43JPApzZw_000040.mp4,thunder,others
-e-68LOpw8k_000160.mp4,playing accordion,music
tOXfOfn_QaA_000020.mp4,dog barking,others
8l61VbgRTM8_000030.mp4,playing accordion,music
8GZ4XtkqdKg_000030.mp4,thunder,others
656i8ZTECTE_000030.mp4,"child speech, kid speaking",speech
3a5mx0D8BJU_000169.mp4,playing clarinet,music
ESOu5e09YMU_000030.mp4,"female speech, woman speaking",speech
s5RnxMyjhfA_000010.mp4,playing clarinet,music
KsLkTlOmG-4_000020.mp4,"child speech, kid speaking",speech
SkWSu3uESBg_000558.mp4,playing accordion,music
wU1gbC1fIK4_000000.mp4,"child speech, kid speaking",speech
-N0qJZkizOw_000030.mp4,"male speech, man speaking",speech
mtc5VQNhvDs_000011.mp4,dog barking,others
ai17koc7Z04_000190.mp4,"female speech, woman speaking",speech
AsrRFNhdCOE_000030.mp4,"female speech, woman speaking",speech
OGlL6ZT63QM_000220.mp4,playing piano,music
0QeC0bYEi70_000280.mp4,playing piano,music
qKw3br3s7tw_000051.mp4,playing accordion,music
UaqBlFetzJk_000070.mp4,playing piano,music
RLx4EkCzkd8_000030.mp4,playing clarinet,music
wxO5Vlex-oY_000318.mp4,playing clarinet,music
JEr3vICBkO8_000000.mp4,"child speech, kid speaking",speech
9ZlukfR46Ho_000030.mp4,playing accordion,music
Z-5VgimLckA_000040.mp4,"child speech, kid speaking",speech
foNZNgtioeY_000180.mp4,playing accordion,music
WV6LaguAHJE_000130.mp4,playing piano,music
jj2DJt7naZM_000300.mp4,"female speech, woman speaking",speech
TuqUOyeHOP0_000050.mp4,playing piano,music
Q3KCxCQyvZI_000090.mp4,"child speech, kid speaking",speech
3LEQw--MbS0_000030.mp4,"female speech, woman speaking",speech
lI0iCpfZcCs_000030.mp4,playing accordion,music
4JxMhLR9Kr4_000030.mp4,"male speech, man speaking",speech
eSeVjezLGKg_000150.mp4,playing accordion,music
0N0H2HyuUNA_000030.mp4,"male speech, man speaking",speech
7bLDwtb4EsM_000030.mp4,"child speech, kid speaking",speech
tRC0HZyNCW4_000060.mp4,"female speech, woman speaking",speech
urInWqXJQ9o_000090.mp4,playing clarinet,music
BbSGQZWkx1E_000030.mp4,playing piano,music
WKav4fkfjcg_000250.mp4,playing piano,music
TTqXHL8qeL4_000020.mp4,dog barking,others
DLn9-Txfv0I_000000.mp4,thunder,others
jld-wHLRUWM_000020.mp4,playing accordion,music
ov4HAYnjuh0_000020.mp4,dog barking,others
EOHjf43uSB0_000080.mp4,"female speech, woman speaking",speech
BQe6ZyIFt7s_000010.mp4,"male speech, man speaking",speech
8a_qeFOynzI_000030.mp4,"female speech, woman speaking",speech
1nnPvv2on-c_000030.mp4,"female speech, woman speaking",speech
gv-igyaHksU_000040.mp4,playing piano,music
7fd-M6kKYnc_000030.mp4,"male speech, man speaking",speech
3CxbnnbXQME_000030.mp4,"male speech, man speaking",speech
DfwDNqzzMEY_000030.mp4,"male speech, man speaking",speech
2VLlvJMvIrI_000030.mp4,"male speech, man speaking",speech
XN-u9Sni8g0_000000.mp4,"female speech, woman speaking",speech
I7X5ZhPpGZ0_000017.mp4,playing accordion,music
qIqND1xvMeM_000030.mp4,"child speech, kid speaking",speech
4Lo9fOkFvNo_000000.mp4,playing piano,music
9KbCp0bGbdQ_000169.mp4,dog barking,others
bSGuw-jjvf4_000020.mp4,playing accordion,music
5ed5055CkmQ_000120.mp4,playing piano,music
UCZQrcEt4KA_000030.mp4,"child speech, kid speaking",speech
8Twpl5_zhtk_000030.mp4,"female speech, woman speaking",speech
92hfbXOrJek_000030.mp4,"male speech, man speaking",speech
OmEq-h4mk_s_000010.mp4,playing clarinet,music
oQWLAQAHvDA_000203.mp4,playing clarinet,music
kxSPx0_HnaQ_000093.mp4,"child speech, kid speaking",speech
hxW6J0TLLdk_000030.mp4,playing accordion,music
lBn8gEPEvzI_000060.mp4,"child speech, kid speaking",speech
OavBFXxF13Q_000160.mp4,"child speech, kid speaking",speech
JDGPe8zAN04_000024.mp4,playing accordion,music
8yfFuIxiEDI_000010.mp4,playing piano,music
op4zbfzvgJk_000020.mp4,playing clarinet,music
SvECvMOY-cY_000180.mp4,thunder,others
t0H6-IAHrnU_000000.mp4,playing clarinet,music
ATntZAlbH0Y_000030.mp4,"male speech, man speaking",speech
HLgZcNhBmXc_000010.mp4,dog barking,others
fKSORtIbiQM_000029.mp4,playing accordion,music
TzQPcet7vq8_000168.mp4,playing accordion,music
nPZj7MvaWow_000030.mp4,thunder,others
0wX2bwUELps_000018.mp4,playing clarinet,music
LLBH0ARrqvc_000030.mp4,playing accordion,music
lUqLC8SZk5g_000030.mp4,playing piano,music
QziXs1L1hG8_000050.mp4,playing piano,music
dvTviNpYW1k_000114.mp4,playing accordion,music
4DQpYxrB9W8_000030.mp4,"male speech, man speaking",speech
CAdENuBsTHo_000000.mp4,"child speech, kid speaking",speech
2v8kCGNsohM_000030.mp4,"male speech, man speaking",speech
ZsAembAtOE0_000421.mp4,playing piano,music
UgMOcC0DKHM_000060.mp4,dog barking,others
pZ9YYvOpsjw_000010.mp4,dog barking,others
pnH73WWi2hE_000035.mp4,playing clarinet,music
-_kVsf8m428_000018.mp4,"male speech, man speaking",speech
ehMLK2EC1n4_000030.mp4,dog barking,others
FxbEUrdXIzQ_000090.mp4,playing accordion,music
RwC9xpVZOPc_000300.mp4,thunder,others
znNwQMk-5nc_000030.mp4,playing clarinet,music
dNQik_iL440_000188.mp4,playing accordion,music
QPp_-VLTEcc_000170.mp4,"child speech, kid speaking",speech
aaxIs0TCbQw_000080.mp4,playing piano,music
jEXPz4RwLxI_000050.mp4,"child speech, kid speaking",speech
5Q7qEMbybNw_000030.mp4,"male speech, man speaking",speech
KCOHsYmUa20_000190.mp4,playing accordion,music
Ix_q_PbsC7k_000030.mp4,playing clarinet,music
SoEGRtD1hew_000170.mp4,playing clarinet,music
vxzWZwUReBg_000247.mp4,"child speech, kid speaking",speech
FozWTxcEeS8_000180.mp4,"male speech, man speaking",speech
aL_OmG_cgxE_000009.mp4,playing accordion,music
BnRtoIC87Po_000030.mp4,"female speech, woman speaking",speech
